0,1,2,3,4,5,6,7,8,9,0a,0b,0c,0d,0e,0f,10,11,12,13,14,15,16,17,18,19,1a,1b,1c,1d,1e,1f,20,21,22,23,24,25,26,27,28,29,2a,2b,2c,2d,2e,2f,30,31,32,33,34,35,36,37,38,39,3a,3b,3c,3d,3e,3f,40,41,42,43,44,45,46,47,48,49,4a,4b,4c,4d,4e,4f,50,51,52,53,54,55,56,57,58,59,5a,5b,5c,5d,5e,5f,60,61,62,63,64,65,66,67,68,69,6a,6b,6c,6d,6e,6f,70,71,72,73,74,75,76,77,78,79,7a,7b,7c,7d,7e,7f,80,81,82,83,84,85,86,87,88,89,8a,8b,8c,8d,8e,8f,90,91,92,93,94,95,96,97,98,99,9a,9b,9c,9d,9e,9f,a0,a1,a2,a3,a4,a5,a6,a7,a8,a9,aa,ab,ac,ad,ae,af,b0,b1,b2,b3,b4,b5,b6,b7,b8,b9,ba,bb,bc,bd,be,bf,c0,c1,c2,c3,c4,c5,c6,c7,c8,c9,ca,cb,cc,cd,ce,cf,d0,d1,d2,d3,d4,d5,d6,d7,d8,d9,da,db,dc,dd,de,df,e0,e1,e2,e3,e4,e5,e6,e7,e8,e9,ea,eb,ec,ed,ee,ef,f0,f1,f2,f3,f4,f5,f6,f7,f8,f9,fa,fb,fc,fd,fe,ff,??,size,Class
11443.0,5597.0,3190.0,3251.0,3380.0,3289.0,3227.0,3277.0,3327.0,3196.0,3268.0,3158.0,3319.0,3304.0,3353.0,3194.0,3189.0,3173.0,3154.0,3173.0,3256.0,3429.0,3133.0,3282.0,3166.0,3282.0,3143.0,3203.0,3398.0,3275.0,3200.0,3328.0,3269.0,3145.0,3283.0,3360.0,3168.0,3261.0,3165.0,3286.0,3251.0,3277.0,3278.0,3249.0,3247.0,3183.0,3207.0,3181.0,3285.0,3282.0,3246.0,3214.0,3188.0,3259.0,3146.0,3292.0,3284.0,3236.0,3300.0,3279.0,3189.0,3174.0,3279.0,3335.0,3287.0,3135.0,3109.0,3248.0,3157.0,3236.0,3278.0,3239.0,3209.0,3220.0,3213.0,3177.0,3307.0,3231.0,3298.0,3165.0,3241.0,3397.0,3346.0,3467.0,3253.0,3285.0,3284.0,3266.0,3241.0,3200.0,3155.0,3162.0,3334.0,3303.0,3223.0,3304.0,3215.0,3318.0,3232.0,3407.0,3325.0,3436.0,3243.0,3230.0,3258.0,3351.0,3295.0,3154.0,3250.0,3397.0,3283.0,3329.0,3323.0,3331.0,3307.0,3303.0,3191.0,3192.0,3252.0,3302.0,3306.0,3250.0,3170.0,3311.0,3290.0,3366.0,3269.0,3248.0,3234.0,3332.0,3260.0,3655.0,3230.0,3262.0,3346.0,3372.0,3175.0,3408.0,3288.0,3459.0,3313.0,3312.0,3343.0,3279.0,3332.0,3187.0,3171.0,3235.0,3174.0,3281.0,3304.0,3188.0,3114.0,3265.0,3281.0,3251.0,3318.0,3235.0,3281.0,3373.0,3260.0,3203.0,3151.0,3080.0,3258.0,3249.0,3323.0,3147.0,3203.0,3310.0,3403.0,3273.0,3191.0,3225.0,3424.0,3317.0,3221.0,3413.0,3368.0,3298.0,3162.0,3219.0,3152.0,3313.0,3204.0,3196.0,3274.0,3316.0,3186.0,3132.0,3232.0,3389.0,3264.0,3291.0,3211.0,3217.0,3470.0,3172.0,3296.0,3170.0,3198.0,3297.0,3161.0,3198.0,3208.0,3245.0,3186.0,3195.0,3124.0,3192.0,3212.0,3328.0,3121.0,3227.0,3165.0,3286.0,3211.0,3206.0,3213.0,3200.0,3172.0,3169.0,3211.0,3132.0,3216.0,3157.0,3169.0,3201.0,3131.0,3248.0,3130.0,3270.0,3402.0,3104.0,3210.0,3149.0,3198.0,3142.0,3273.0,3128.0,5575.0,5469.0,5359.0,3173.0,3213.0,3322.0,3209.0,3220.0,3153.0,3187.0,3222.0,3287.0,3121.0,3192.0,3264.0,6985.0,1490076.0,8.099609375,2.0
25778.0,654.0,226.0,337.0,254.0,317.0,174.0,186.0,215.0,182.0,193.0,213.0,178.0,586.0,163.0,236.0,179.0,195.0,156.0,213.0,192.0,545.0,180.0,159.0,194.0,201.0,168.0,191.0,201.0,192.0,178.0,182.0,1127.0,434.0,359.0,468.0,347.0,377.0,277.0,363.0,352.0,373.0,312.0,461.0,399.0,353.0,291.0,430.0,360.0,377.0,320.0,352.0,317.0,373.0,305.0,349.0,291.0,369.0,298.0,326.0,309.0,464.0,307.0,375.0,403.0,1573.0,302.0,396.0,359.0,830.0,378.0,374.0,320.0,408.0,285.0,363.0,332.0,721.0,299.0,364.0,374.0,391.0,390.0,384.0,379.0,722.0,293.0,357.0,288.0,1110.0,717.0,382.0,287.0,471.0,297.0,411.0,337.0,1809.0,332.0,397.0,381.0,1095.0,446.0,359.0,315.0,392.0,322.0,359.0,348.0,661.0,379.0,433.0,449.0,409.0,426.0,417.0,499.0,792.0,2947.0,324.0,323.0,427.0,271.0,328.0,313.0,407.0,289.0,233.0,228.0,331.0,193.0,499.0,176.0,184.0,135.0,163.0,176.0,745.0,244.0,983.0,198.0,180.0,138.0,171.0,181.0,188.0,207.0,158.0,207.0,208.0,198.0,228.0,265.0,156.0,160.0,175.0,246.0,186.0,167.0,167.0,292.0,470.0,147.0,508.0,289.0,377.0,167.0,167.0,256.0,383.0,167.0,762.0,395.0,251.0,175.0,173.0,245.0,157.0,186.0,135.0,272.0,179.0,194.0,211.0,281.0,191.0,172.0,171.0,250.0,167.0,178.0,240.0,397.0,223.0,242.0,178.0,326.0,195.0,215.0,302.0,273.0,198.0,187.0,237.0,294.0,180.0,185.0,174.0,315.0,176.0,192.0,314.0,276.0,195.0,270.0,167.0,278.0,204.0,200.0,175.0,296.0,163.0,313.0,1174.0,264.0,205.0,194.0,200.0,237.0,216.0,340.0,367.0,452.0,260.0,230.0,220.0,316.0,237.0,239.0,254.0,344.0,203.0,176.0,182.0,318.0,283.0,445.0,506.0,832.0,601.0,670.0,715.0,1018.0,516.0,367.0,3322.0,10072.0,0.43896484375,6.0
8365.0,4231.0,3078.0,3216.0,3143.0,3172.0,2887.0,3005.0,3244.0,3089.0,3158.0,3062.0,3133.0,3004.0,3003.0,3066.0,3158.0,3100.0,3099.0,3035.0,3107.0,3111.0,3036.0,3118.0,3089.0,3109.0,2983.0,3107.0,3061.0,3058.0,3019.0,3107.0,3029.0,3055.0,3123.0,3072.0,3049.0,3085.0,3215.0,3114.0,3162.0,3187.0,3068.0,3079.0,3186.0,3065.0,3128.0,3057.0,3267.0,3101.0,2995.0,3083.0,3138.0,3224.0,3158.0,3059.0,2934.0,3117.0,3150.0,3149.0,3096.0,3015.0,3084.0,3027.0,3283.0,3055.0,3019.0,3055.0,3088.0,3109.0,3021.0,3156.0,3138.0,3203.0,3073.0,3087.0,3168.0,3113.0,3135.0,3085.0,3249.0,3103.0,3043.0,3198.0,3051.0,3148.0,3150.0,3140.0,3257.0,3150.0,3081.0,3171.0,3116.0,3098.0,3064.0,2999.0,3079.0,3061.0,3039.0,3104.0,3072.0,3142.0,3094.0,3101.0,3110.0,3038.0,3186.0,3092.0,3160.0,3071.0,3177.0,3253.0,3081.0,3079.0,3141.0,3160.0,3091.0,3184.0,3087.0,3169.0,3177.0,3119.0,3013.0,3110.0,3000.0,3101.0,3092.0,3022.0,3057.0,3211.0,3029.0,3269.0,3037.0,3026.0,3134.0,3212.0,3123.0,3029.0,3134.0,3264.0,3213.0,3148.0,3055.0,3094.0,3257.0,3154.0,3133.0,3216.0,3077.0,3148.0,3102.0,3174.0,3167.0,3121.0,3154.0,3172.0,3050.0,3082.0,3137.0,3068.0,3139.0,3103.0,3021.0,3055.0,3129.0,3070.0,3151.0,3061.0,3076.0,3046.0,3067.0,3060.0,3014.0,3134.0,3026.0,3118.0,3009.0,3218.0,3121.0,3046.0,3243.0,3201.0,3091.0,3096.0,3174.0,3079.0,3196.0,3167.0,3199.0,3103.0,3177.0,3087.0,3122.0,3127.0,3177.0,3370.0,3217.0,2994.0,3145.0,3169.0,3018.0,3126.0,3020.0,3031.0,3124.0,3073.0,3129.0,3043.0,3213.0,3089.0,3028.0,3046.0,3112.0,3061.0,3084.0,3134.0,3130.0,3251.0,3074.0,3095.0,3033.0,3105.0,3074.0,3017.0,3075.0,3151.0,2906.0,3065.0,3054.0,3042.0,3008.0,3073.0,3187.0,3048.0,3044.0,3008.0,3244.0,3119.0,3084.0,3068.0,4325.0,4208.0,4161.0,3202.0,2966.0,3233.0,3052.0,3036.0,3067.0,3001.0,3078.0,3049.0,3057.0,3087.0,3079.0,5189.0,1536156.0,8.099609375,5.0
21868.0,1460.0,739.0,1097.0,1131.0,593.0,414.0,650.0,3711.0,678.0,377.0,422.0,1137.0,338.0,262.0,1429.0,1122.0,304.0,217.0,178.0,743.0,634.0,600.0,136.0,456.0,189.0,152.0,216.0,359.0,224.0,110.0,224.0,1025.0,118.0,115.0,205.0,470.0,209.0,141.0,139.0,163.0,91.0,99.0,311.0,162.0,166.0,142.0,97.0,371.0,177.0,138.0,905.0,206.0,208.0,121.0,99.0,387.0,356.0,128.0,677.0,229.0,222.0,106.0,143.0,1201.0,546.0,187.0,1410.0,1123.0,3691.0,391.0,265.0,411.0,302.0,151.0,186.0,277.0,1638.0,200.0,189.0,1063.0,270.0,215.0,551.0,249.0,697.0,593.0,464.0,442.0,905.0,174.0,214.0,237.0,433.0,318.0,325.0,260.0,606.0,184.0,436.0,544.0,1233.0,788.0,204.0,658.0,580.0,1067.0,192.0,709.0,257.0,593.0,678.0,775.0,279.0,791.0,542.0,1784.0,2087.0,316.0,244.0,336.0,288.0,129.0,79.0,245.0,636.0,190.0,209.0,631.0,565.0,114.0,2286.0,434.0,1550.0,98.0,75.0,468.0,2525.0,314.0,34338.0,159.0,1189.0,162.0,126.0,149.0,116.0,65.0,115.0,209.0,139.0,76.0,62.0,203.0,100.0,65.0,62.0,934.0,861.0,105.0,83.0,234.0,187.0,57.0,140.0,174.0,209.0,74.0,75.0,261.0,94.0,51.0,90.0,137.0,79.0,90.0,76.0,179.0,62.0,79.0,75.0,156.0,277.0,242.0,366.0,413.0,99.0,86.0,101.0,345.0,194.0,189.0,114.0,1071.0,3740.0,1039.0,652.0,485.0,129.0,5103.0,576.0,363.0,359.0,981.0,124.0,453.0,104.0,137.0,907.0,1070.0,1780.0,191.0,255.0,267.0,70.0,938.0,3263.0,1099.0,153.0,887.0,165.0,260.0,96.0,913.0,882.0,1357.0,974.0,2481.0,77.0,462.0,194.0,3277.0,81.0,5041.0,2111.0,2460.0,1584.0,726.0,77.0,146.0,1703.0,607.0,963.0,130.0,174.0,498.0,112.0,276.0,18375.0,1079.0,1792.0,960.0,2535.0,8823.0,19512.0,2304.0,8773.0,19436.0,0.962890625,9.0
7520.0,4288.0,3023.0,3115.0,3075.0,3132.0,3086.0,3117.0,3162.0,3125.0,3121.0,3094.0,3109.0,3124.0,3066.0,3072.0,3063.0,3158.0,3113.0,2944.0,3022.0,3324.0,3105.0,3114.0,3039.0,3015.0,3078.0,3104.0,3133.0,3125.0,2955.0,3283.0,3061.0,3080.0,3136.0,3014.0,3124.0,3013.0,3104.0,3179.0,3291.0,3157.0,3094.0,3104.0,3080.0,3039.0,3145.0,3174.0,3244.0,3090.0,3119.0,3035.0,3065.0,3016.0,3132.0,3087.0,3120.0,3133.0,3083.0,3052.0,3019.0,3125.0,3075.0,3158.0,3219.0,3029.0,3050.0,3210.0,2959.0,3156.0,3127.0,3088.0,3123.0,2995.0,3111.0,3035.0,3130.0,3160.0,3037.0,3095.0,3182.0,3024.0,3137.0,3024.0,3076.0,3012.0,3205.0,3170.0,3130.0,3080.0,3096.0,3068.0,3068.0,3214.0,3165.0,2936.0,2990.0,3078.0,3078.0,3274.0,3064.0,3169.0,3071.0,3059.0,3032.0,3089.0,3098.0,3038.0,3115.0,3063.0,3224.0,3225.0,3055.0,3056.0,3086.0,3080.0,3294.0,3094.0,3082.0,3060.0,3144.0,3084.0,3124.0,3289.0,3111.0,3002.0,3074.0,3118.0,3108.0,3118.0,3062.0,3309.0,3009.0,3131.0,3104.0,3158.0,3153.0,3078.0,3206.0,3255.0,3207.0,3044.0,3056.0,3145.0,3140.0,3095.0,3088.0,3150.0,3241.0,3091.0,3059.0,3078.0,3084.0,3139.0,3202.0,3121.0,3135.0,3122.0,3176.0,3242.0,3158.0,3103.0,3168.0,3176.0,3097.0,3155.0,3041.0,3058.0,3209.0,3179.0,3071.0,3182.0,3109.0,3038.0,3077.0,3077.0,3291.0,3050.0,3082.0,3164.0,3163.0,3117.0,3023.0,3074.0,3116.0,3074.0,3123.0,3124.0,3212.0,3066.0,3090.0,3058.0,3180.0,3023.0,3079.0,3110.0,3205.0,3142.0,3045.0,3081.0,3040.0,3116.0,3060.0,3141.0,3093.0,3151.0,3023.0,3062.0,3015.0,3009.0,3011.0,3065.0,3108.0,3124.0,3026.0,3107.0,3109.0,3064.0,3148.0,3080.0,3118.0,3052.0,3132.0,3017.0,3124.0,3168.0,3053.0,2999.0,3097.0,3055.0,3081.0,3002.0,3157.0,2979.0,3137.0,3045.0,3164.0,3029.0,3013.0,2974.0,4309.0,4162.0,4211.0,3050.0,3062.0,2970.0,3097.0,3048.0,3087.0,3231.0,3109.0,3094.0,3057.0,3044.0,3119.0,5043.0,2320028.0,10.80419921875,1.0
64655.0,2189.0,1819.0,1964.0,2208.0,1509.0,1534.0,1576.0,2065.0,1652.0,2032.0,1516.0,1864.0,1512.0,1542.0,1805.0,2001.0,1670.0,1573.0,2651.0,1899.0,1652.0,1554.0,1637.0,1802.0,1617.0,1649.0,1925.0,1826.0,1587.0,1629.0,1652.0,6169.0,1770.0,1772.0,1571.0,1873.0,2298.0,1554.0,1761.0,1845.0,1941.0,1565.0,2006.0,1840.0,2966.0,2168.0,1744.0,1976.0,1829.0,1873.0,1935.0,1646.0,1773.0,1688.0,1476.0,2037.0,1920.0,1679.0,1736.0,1585.0,1708.0,1535.0,1610.0,3784.0,1795.0,2547.0,1939.0,1734.0,2986.0,1801.0,1697.0,1868.0,1921.0,1702.0,1475.0,1692.0,1735.0,1632.0,1700.0,2446.0,1755.0,1742.0,2245.0,1980.0,1954.0,2043.0,2051.0,1835.0,2185.0,1673.0,1927.0,1756.0,1989.0,1793.0,2003.0,1712.0,4458.0,2292.0,3534.0,3089.0,5335.0,2613.0,2261.0,2793.0,3998.0,2084.0,1979.0,3304.0,2679.0,3869.0,4011.0,2223.0,1729.0,4109.0,3856.0,4816.0,3417.0,1836.0,1884.0,1953.0,1755.0,1650.0,1595.0,1600.0,1664.0,1608.0,1576.0,1753.0,1656.0,1477.0,2187.0,1777.0,2179.0,1655.0,1694.0,1579.0,2156.0,1563.0,2655.0,1583.0,2115.0,1514.0,1480.0,1613.0,1611.0,1557.0,1592.0,1630.0,1684.0,1610.0,1615.0,1557.0,1518.0,1531.0,1568.0,1697.0,1624.0,1565.0,1632.0,1667.0,1615.0,1609.0,1682.0,1672.0,1648.0,1606.0,1614.0,1616.0,1578.0,1581.0,1603.0,1528.0,1606.0,1566.0,1557.0,1605.0,1628.0,1525.0,1512.0,1549.0,1605.0,1576.0,1621.0,1581.0,1510.0,1575.0,1524.0,1547.0,1588.0,1631.0,1552.0,1943.0,1657.0,1710.0,1830.0,1867.0,1515.0,1618.0,1689.0,1656.0,1649.0,1608.0,1555.0,1521.0,1535.0,1641.0,1554.0,1914.0,1585.0,1541.0,1534.0,1532.0,1499.0,1607.0,1582.0,1627.0,1603.0,1513.0,1631.0,1598.0,1488.0,1494.0,1529.0,1508.0,1575.0,1505.0,1544.0,1573.0,1680.0,1516.0,1509.0,2601.0,1649.0,1482.0,1660.0,1658.0,1425.0,1526.0,1474.0,1661.0,1578.0,1506.0,1517.0,1625.0,1563.0,1620.0,1592.0,1813.0,1505.0,1516.0,1524.0,1684.0,1552.0,1624.0,4244.0,28820.0,1.982421875,8.0
73517.0,42837.0,46530.0,42163.0,7347.0,6786.0,6703.0,7147.0,9690.0,494.0,415.0,9368.0,7263.0,526.0,422.0,11047.0,51500.0,40889.0,41001.0,200049.0,10761.0,424.0,462.0,189.0,6717.0,270.0,200.0,49516.0,345.0,303.0,149.0,353.0,43054.0,35019.0,34961.0,35126.0,6189.0,241.0,181.0,281.0,459.0,383.0,294.0,375.0,49473.0,272.0,473.0,485.0,35392.0,35390.0,35417.0,42897.0,496.0,451.0,338.0,285.0,433.0,6753.0,343.0,7796.0,350.0,308.0,297.0,263.0,7127.0,1483.0,388.0,6842.0,6860.0,9418.0,9363.0,365.0,7020.0,346.0,369.0,457.0,482.0,7160.0,555.0,552.0,8928.0,782.0,578.0,12490.0,552.0,8473.0,7033.0,7470.0,415.0,9288.0,1040.0,469.0,497.0,8672.0,8376.0,697.0,714.0,748.0,547.0,540.0,726.0,1097.0,629.0,608.0,7309.0,600.0,10970.0,355.0,708.0,544.0,691.0,1043.0,791.0,409.0,926.0,829.0,9976.0,9717.0,851.0,633.0,632.0,715.0,666.0,486.0,582.0,11987.0,805.0,537.0,17423.0,704.0,529.0,9340.0,7253.0,7539.0,514.0,521.0,8049.0,7868.0,537.0,13203.0,50216.0,7485.0,593.0,410.0,565.0,427.0,553.0,600.0,445.0,743.0,394.0,539.0,600.0,481.0,500.0,383.0,398.0,723.0,383.0,410.0,528.0,658.0,827.0,715.0,629.0,765.0,635.0,595.0,551.0,560.0,720.0,559.0,555.0,823.0,588.0,472.0,420.0,588.0,377.0,261.0,284.0,332.0,11036.0,576.0,516.0,536.0,563.0,375.0,573.0,612.0,556.0,515.0,7915.0,8378.0,747.0,8257.0,7014.0,447.0,8784.0,8426.0,577.0,778.0,50171.0,436.0,1181.0,304.0,462.0,338.0,445.0,459.0,457.0,397.0,313.0,254.0,441.0,249.0,350.0,234.0,270.0,403.0,272.0,226.0,208.0,209.0,411.0,215.0,190.0,196.0,359.0,203.0,239.0,166.0,9644.0,8364.0,242.0,7031.0,7577.0,49222.0,194.0,312.0,7715.0,247.0,149.0,176.0,240.0,165.0,325.0,529.0,8043.0,206.0,162.0,195.0,7601.0,211.0,10961.0,42012.0,13724.0,5.90478515625,6.0
24836.0,7406.0,7360.0,8361.0,7917.0,241.0,162.0,451.0,8380.0,454.0,115.0,7990.0,9303.0,185.0,53.0,6994.0,2437.0,68.0,42.0,69.0,7530.0,150.0,67.0,76.0,8114.0,51.0,27.0,67.0,79.0,2147.0,47.0,69.0,233.0,40.0,35.0,92.0,495.0,61.0,21.0,37.0,59.0,32.0,16.0,119.0,53.0,2065.0,23.0,51.0,100.0,40.0,250.0,9842.0,57.0,100.0,40.0,61.0,222.0,397.0,36.0,10698.0,67.0,96.0,2014.0,269.0,905.0,266.0,115.0,329.0,58443.0,420.0,7051.0,156.0,547.0,69.0,56.0,60.0,85.0,418.0,67.0,84.0,7673.0,256.0,44.0,8180.0,70.0,7780.0,16594.0,7833.0,2068.0,7172.0,173.0,107.0,38.0,113.0,155.0,372.0,55.0,158.0,69.0,130.0,307.0,342.0,112.0,76.0,2362.0,134.0,2854.0,63.0,146.0,70.0,126.0,140.0,86.0,2067.0,2439.0,125.0,8173.0,7426.0,280.0,117.0,62.0,79.0,692.0,83.0,307.0,10246.0,114.0,101.0,350.0,199.0,50.0,58845.0,126.0,371.0,38.0,189.0,176.0,7456.0,267.0,1112.0,53.0,2602.0,45.0,81.0,279.0,179.0,21.0,65.0,44.0,74.0,170.0,56.0,29.0,80.0,32.0,42.0,37.0,21.0,34.0,29.0,28.0,88.0,19.0,276.0,26.0,60.0,22.0,25.0,30.0,1993.0,100.0,222.0,2021.0,84.0,120.0,102.0,195.0,1955.0,94.0,57.0,45.0,1991.0,60.0,107.0,224.0,53.0,457.0,176.0,48.0,72.0,80.0,70.0,8560.0,9799.0,92.0,7964.0,6775.0,41.0,149.0,10896.0,89.0,132.0,43.0,200.0,222.0,66.0,34.0,80.0,1988.0,84.0,60.0,95.0,49.0,25.0,37.0,185.0,141.0,126.0,36.0,83.0,90.0,83.0,1987.0,80.0,152.0,2057.0,47.0,48.0,72.0,36.0,2010.0,65.0,590.0,109.0,35.0,7552.0,148.0,2048.0,60.0,1992.0,235.0,58.0,35.0,147.0,2039.0,64.0,2140.0,333.0,9644.0,89.0,71.0,131.0,6833.0,104.0,9047.0,60073.0,248.0,1.8974609375,6.0
34889.0,11740.0,11930.0,10697.0,13800.0,11728.0,9913.0,9095.0,17233.0,196.0,260.0,10430.0,12024.0,307.0,170.0,9826.0,10514.0,137.0,331.0,121.0,10075.0,289.0,281.0,128.0,15918.0,150.0,108.0,118.0,285.0,172.0,115.0,201.0,19799.0,5706.0,5668.0,5700.0,12954.0,182.0,1391399.0,144.0,284.0,157.0,122.0,244.0,173.0,330.0,439.0,178.0,297.0,273.0,230.0,12117.0,264.0,265.0,396.0,249.0,377.0,14029.0,269.0,10844.0,220.0,272.0,235.0,228.0,17874.0,419.0,248.0,11535.0,11098.0,12532.0,12912.0,299.0,11151.0,126845.0,294.0,281.0,357.0,12618.0,480.0,473.0,13834.0,433.0,491.0,13870.0,511.0,16394.0,11709.0,12612.0,490.0,11195.0,413.0,503.0,472.0,11819.0,10012.0,471.0,494.0,796.0,361.0,732.0,601.0,2280.0,781.0,530.0,11119.0,769.0,14263.0,1578.0,673.0,743.0,1847.0,1090.0,936.0,128887.0,1181.0,1181.0,12477.0,18963.0,836.0,963.0,1291.0,975.0,848.0,1133.0,1234.0,10668.0,938.0,1003.0,10574.0,722.0,687.0,18276.0,13654.0,10447.0,762.0,754.0,13527.0,14000.0,862.0,21050.0,663.0,11690.0,858.0,695.0,727.0,545.0,594.0,1108.0,871.0,781.0,665.0,705.0,848.0,634.0,614.0,1070.0,579.0,530.0,839.0,602.0,560.0,598.0,344.0,556.0,510.0,708.0,506.0,416.0,534.0,551.0,442.0,395.0,499.0,375.0,407.0,366.0,428.0,535.0,732.0,711.0,625.0,335.0,24128.0,128780.0,695.0,447.0,355.0,466.0,479.0,374.0,1017.0,549.0,13836.0,16166.0,370.0,10220.0,9894.0,260.0,11698.0,12584.0,476.0,475.0,357.0,410.0,932.0,464.0,439.0,1033.0,318.0,504.0,1281.0,471.0,406.0,128008.0,576.0,337.0,351.0,127803.0,539.0,391.0,410.0,333.0,325.0,306.0,685.0,288.0,476.0,468.0,431.0,379.0,462.0,248.0,13172.0,10513.0,300.0,11390.0,12737.0,219.0,217.0,244.0,12136.0,238.0,199.0,184.0,313.0,225.0,262.0,300.0,10949.0,199.0,160.0,144.0,9890.0,238.0,10267.0,61081.0,8944.0,10.52099609375,9.0
65588.0,18178.0,18630.0,17956.0,4424.0,2517.0,2768.0,2500.0,4805.0,2351.0,112221.0,2146.0,3231.0,2202.0,2184.0,4203.0,20943.0,19129.0,19462.0,18768.0,2211.0,1697.0,1927.0,1636.0,2708.0,2093.0,1899.0,1836.0,2359.0,2519.0,2202.0,1977.0,21403.0,19270.0,19050.0,19028.0,2665.0,1553.0,1374.0,1882.0,2118.0,1428.0,1593.0,1824.0,1568.0,1680.0,1206.0,1455.0,19407.0,19180.0,17161.0,18432.0,1451.0,1288.0,1135.0,1160.0,2189.0,2081.0,1208.0,2078.0,1686.0,1775.0,1294.0,1797.0,3884.0,2719.0,2177.0,2777.0,2189.0,3931.0,2222.0,1649.0,2184.0,1549.0,1739.0,1430.0,1505.0,2806.0,2050.0,1199.0,3121.0,2028.0,3093.0,2040.0,1397.0,1977.0,2014.0,1760.0,1826.0,2272.0,1478.0,1563.0,1410.0,2057.0,1859.0,1641.0,3357.0,2401.0,1734.0,1842.0,2057.0,2446.0,2204.0,2132.0,2361.0,1794.0,3013.0,1497.0,1540.0,1460.0,1730.0,1585.0,2461.0,2299.0,1809.0,1553.0,3852.0,3848.0,1407.0,1456.0,1805.0,1394.0,1353.0,1352.0,1322.0,2670.0,1500.0,1471.0,4077.0,3370.0,2513.0,5518.0,2658.0,3921.0,2176.0,2239.0,2231.0,3874.0,2074.0,8258.0,1786.0,3681.0,2710.0,1800.0,2084.0,1536.0,1252.0,1593.0,1830.0,1549.0,1572.0,1510.0,1630.0,1379.0,1444.0,1462.0,2372.0,2257.0,1459.0,2006.0,2307.0,2233.0,1765.0,1670.0,1629.0,1623.0,1398.0,1459.0,1779.0,1625.0,1639.0,1492.0,1440.0,1328.0,2185.0,1377.0,1902.0,1792.0,1174.0,1165.0,1349.0,1601.0,1940.0,1261.0,1441.0,1192.0,1022.0,1178.0,1130.0,1261.0,1148.0,1517.0,5390.0,3258.0,2776.0,3191.0,2436.0,1876.0,2333.0,2295.0,2305.0,2222.0,2186.0,1730.0,242708.0,1554.0,1879.0,1573.0,1902.0,1517.0,1565.0,1665.0,1392.0,1266.0,1392.0,1397.0,1939.0,1616.0,1552.0,1534.0,1461.0,1568.0,1739.0,1632.0,3040.0,2562.0,1922.0,1927.0,1908.0,1548.0,1669.0,1575.0,4904.0,2159.0,2092.0,2892.0,2226.0,1513.0,1628.0,1624.0,2329.0,1253.0,1618.0,1413.0,1484.0,1157.0,2090.0,1977.0,2424.0,1764.0,1322.0,1506.0,2352.0,1584.0,2237.0,26821.0,9572.0,4.23741340637207,9.0
11563.0,5508.0,3240.0,3273.0,3379.0,3330.0,3264.0,3191.0,3224.0,3313.0,3270.0,3170.0,3186.0,3331.0,3215.0,3214.0,3256.0,3173.0,3219.0,3222.0,3084.0,3278.0,3232.0,3285.0,3163.0,3296.0,3134.0,3221.0,3198.0,3222.0,3153.0,3154.0,3255.0,3293.0,3226.0,3380.0,3242.0,3238.0,3140.0,3273.0,3327.0,3317.0,3316.0,3330.0,3198.0,3241.0,3264.0,3208.0,3216.0,3096.0,3170.0,3265.0,3285.0,3193.0,3249.0,3224.0,3231.0,3341.0,3205.0,3260.0,3251.0,3142.0,3254.0,3157.0,3267.0,3213.0,3180.0,3321.0,3180.0,3307.0,3338.0,3183.0,3265.0,3276.0,3175.0,3127.0,3221.0,3175.0,3217.0,3173.0,3246.0,3363.0,3386.0,3291.0,3275.0,3225.0,3267.0,3237.0,3221.0,3264.0,3318.0,3226.0,3281.0,3296.0,3201.0,3480.0,3274.0,3373.0,3158.0,3438.0,3189.0,3302.0,3234.0,3368.0,3354.0,3328.0,3306.0,3290.0,3350.0,3269.0,3225.0,3306.0,3290.0,3291.0,3398.0,3289.0,3279.0,3234.0,3280.0,3243.0,3202.0,3229.0,3234.0,3175.0,3280.0,3205.0,3323.0,3257.0,3280.0,3235.0,3269.0,3653.0,3218.0,3243.0,3274.0,3400.0,3343.0,3320.0,3342.0,3358.0,3356.0,3366.0,3252.0,3327.0,3329.0,3202.0,3294.0,3231.0,3278.0,3353.0,3326.0,3366.0,3272.0,3192.0,3175.0,3157.0,3265.0,3293.0,3283.0,3190.0,3256.0,3241.0,3206.0,3214.0,3221.0,3182.0,3223.0,3383.0,3275.0,3261.0,3165.0,3146.0,3234.0,3334.0,3248.0,3147.0,3283.0,3311.0,3240.0,3232.0,3300.0,3275.0,3291.0,3298.0,3197.0,3241.0,3241.0,3165.0,3158.0,3177.0,3139.0,3179.0,3322.0,3261.0,3264.0,3207.0,3479.0,3353.0,3206.0,3251.0,3349.0,3249.0,3132.0,3177.0,3193.0,3203.0,3159.0,3185.0,3271.0,3212.0,3223.0,3081.0,3187.0,3281.0,3204.0,3335.0,3145.0,3246.0,3135.0,3254.0,3332.0,3210.0,3180.0,3181.0,3155.0,3212.0,3155.0,3271.0,3203.0,3220.0,3219.0,3114.0,3362.0,3157.0,3142.0,3295.0,3313.0,3235.0,3177.0,3190.0,5642.0,5443.0,5287.0,3398.0,3176.0,3146.0,3149.0,3201.0,3349.0,3270.0,3245.0,3228.0,3171.0,3201.0,3104.0,7118.0,1490076.0,8.099609375,5.0
10476.0,5473.0,3215.0,3316.0,3251.0,3384.0,3184.0,3328.0,3211.0,3289.0,3196.0,3272.0,3203.0,3239.0,3171.0,3118.0,3135.0,3371.0,3158.0,3271.0,3245.0,3156.0,3103.0,3200.0,3189.0,3215.0,3271.0,3276.0,3214.0,3252.0,3137.0,3257.0,3213.0,3277.0,3262.0,3339.0,3281.0,3187.0,3235.0,3210.0,3302.0,3233.0,3134.0,3343.0,3214.0,3181.0,3305.0,3142.0,3165.0,3268.0,3280.0,3364.0,3279.0,3154.0,3197.0,3207.0,3253.0,3189.0,3219.0,3187.0,3180.0,3142.0,3139.0,3214.0,3245.0,3255.0,3228.0,3210.0,3263.0,3248.0,3188.0,3184.0,3295.0,3359.0,3144.0,3213.0,3194.0,3165.0,3283.0,3099.0,3229.0,3250.0,3247.0,3343.0,3249.0,3330.0,3248.0,3347.0,3253.0,3196.0,3210.0,3251.0,3277.0,3157.0,3183.0,3276.0,3145.0,3326.0,3318.0,3379.0,3219.0,3415.0,3172.0,3311.0,3252.0,3277.0,3290.0,3295.0,3297.0,3192.0,3262.0,3223.0,3217.0,3182.0,3260.0,3427.0,3237.0,3268.0,3222.0,3241.0,3436.0,3053.0,3235.0,3180.0,3252.0,3326.0,3271.0,3273.0,3357.0,3345.0,3238.0,3351.0,3316.0,3376.0,3359.0,3192.0,3308.0,3236.0,3315.0,3464.0,3278.0,3375.0,3263.0,3238.0,3198.0,3340.0,3151.0,3226.0,3319.0,3285.0,3289.0,3197.0,3343.0,3322.0,3186.0,3177.0,3273.0,3266.0,3153.0,3252.0,3317.0,3170.0,3193.0,3379.0,3292.0,3269.0,3295.0,3255.0,3340.0,3309.0,3173.0,3292.0,3205.0,3259.0,3235.0,3284.0,3273.0,3363.0,3268.0,3204.0,3128.0,3206.0,3216.0,3292.0,3330.0,3246.0,3245.0,3410.0,3299.0,3348.0,3197.0,3236.0,3189.0,3233.0,3089.0,3120.0,3310.0,3175.0,3241.0,3288.0,3297.0,3303.0,3126.0,3222.0,3234.0,3130.0,3116.0,3159.0,3222.0,3263.0,3163.0,3159.0,3270.0,3098.0,3272.0,3258.0,3208.0,3147.0,3210.0,3081.0,3287.0,3143.0,3140.0,3112.0,3198.0,3269.0,3142.0,3237.0,3111.0,3271.0,3024.0,3180.0,3229.0,3118.0,3151.0,3271.0,3124.0,3266.0,3281.0,3242.0,9958.0,3218.0,3204.0,3237.0,3244.0,3126.0,3163.0,3227.0,3266.0,3283.0,3150.0,3265.0,3172.0,3294.0,3205.0,6690.0,1498268.0,8.11376953125,4.0
3319.0,1370.0,1227.0,1210.0,1166.0,1165.0,1274.0,1133.0,1141.0,1243.0,1182.0,1220.0,1131.0,1169.0,1245.0,1140.0,1434.0,1117.0,1183.0,1208.0,1156.0,1169.0,1197.0,1142.0,1228.0,1192.0,1184.0,1163.0,1114.0,1117.0,1163.0,1210.0,1209.0,1240.0,1117.0,1200.0,1229.0,1967.0,1188.0,1159.0,1164.0,1206.0,1242.0,1157.0,1195.0,1222.0,1210.0,1176.0,1814.0,1761.0,1748.0,1831.0,1767.0,1816.0,1810.0,1780.0,1767.0,1794.0,1750.0,1773.0,1736.0,1729.0,1717.0,1828.0,1173.0,1202.0,1205.0,1297.0,1229.0,1192.0,1211.0,2048.0,1241.0,1222.0,1142.0,1175.0,1275.0,1216.0,1171.0,1227.0,1164.0,1204.0,1213.0,1241.0,1207.0,1202.0,1129.0,1169.0,1192.0,1188.0,1101.0,1166.0,1093.0,1169.0,1163.0,1180.0,1173.0,1244.0,1162.0,1230.0,1293.0,1366.0,1186.0,1118.0,1227.0,1168.0,1169.0,1164.0,1293.0,1137.0,1216.0,1294.0,1207.0,1170.0,1334.0,1207.0,1391.0,1390.0,1201.0,1194.0,1281.0,1210.0,1243.0,1196.0,1190.0,1259.0,1265.0,1192.0,1340.0,1361.0,1243.0,1264.0,1263.0,1247.0,1405.0,1229.0,1201.0,1244.0,1159.0,1261.0,1223.0,1207.0,1154.0,1187.0,1114.0,1145.0,1171.0,1181.0,1111.0,1179.0,1163.0,1232.0,1187.0,1156.0,1189.0,1107.0,1154.0,1192.0,1170.0,1156.0,1210.0,1128.0,1129.0,1131.0,1405.0,1209.0,1247.0,1168.0,1145.0,1169.0,1091.0,1169.0,1148.0,1197.0,1295.0,1329.0,1308.0,1127.0,1213.0,1189.0,1200.0,1187.0,1223.0,1208.0,1570.0,1168.0,1130.0,1180.0,1217.0,1097.0,1178.0,1177.0,1195.0,1234.0,1223.0,1108.0,1191.0,1141.0,1371.0,1190.0,1181.0,1205.0,1219.0,1159.0,1239.0,1470.0,1253.0,1171.0,1143.0,1175.0,1141.0,1133.0,1179.0,1149.0,1171.0,1150.0,1161.0,1154.0,1468.0,1105.0,1235.0,1163.0,1166.0,1189.0,1157.0,1164.0,1166.0,1169.0,1372.0,1217.0,1164.0,1243.0,1232.0,1208.0,1177.0,1145.0,1262.0,1207.0,1186.0,1202.0,1248.0,1231.0,1195.0,1238.0,1218.0,1229.0,1173.0,1253.0,1225.0,1165.0,1167.0,1189.0,1211.0,1198.0,1190.0,1691.0,14220.0,1.1611328125,1.0
18603.0,1182.0,457.0,298.0,1101.0,1107.0,1043.0,275.0,8340.0,352.0,269.0,316.0,1096.0,300.0,307.0,374.0,318.0,323.0,308.0,309.0,303.0,403.0,300.0,298.0,271.0,343.0,316.0,307.0,285.0,328.0,289.0,278.0,303.0,336.0,274.0,301.0,286.0,317.0,291.0,297.0,7874.0,392.0,286.0,299.0,293.0,331.0,306.0,252.0,319.0,319.0,299.0,338.0,298.0,317.0,316.0,291.0,292.0,325.0,266.0,267.0,329.0,265.0,274.0,275.0,292.0,279.0,468.0,335.0,286.0,325.0,330.0,308.0,314.0,1091.0,1086.0,287.0,330.0,293.0,278.0,286.0,1925.0,385.0,342.0,299.0,292.0,8515.0,1075.0,278.0,363.0,1103.0,343.0,307.0,302.0,290.0,265.0,308.0,320.0,370.0,280.0,317.0,345.0,474.0,320.0,316.0,435.0,380.0,1167.0,297.0,384.0,344.0,10957.0,366.0,315.0,275.0,416.0,334.0,2059.0,1138.0,310.0,311.0,270.0,320.0,301.0,264.0,323.0,304.0,296.0,281.0,371.0,594.0,321.0,1022.0,284.0,1944.0,289.0,310.0,311.0,352.0,289.0,2667.0,288.0,1258.0,287.0,306.0,290.0,313.0,284.0,286.0,324.0,338.0,340.0,293.0,287.0,287.0,288.0,287.0,273.0,292.0,289.0,317.0,309.0,282.0,280.0,316.0,377.0,285.0,311.0,248.0,296.0,303.0,287.0,8159.0,254.0,262.0,275.0,305.0,302.0,310.0,319.0,285.0,280.0,308.0,304.0,307.0,299.0,263.0,274.0,273.0,317.0,312.0,284.0,315.0,1104.0,316.0,377.0,298.0,293.0,294.0,275.0,298.0,333.0,371.0,362.0,282.0,304.0,288.0,282.0,269.0,326.0,333.0,361.0,277.0,293.0,360.0,305.0,271.0,322.0,260.0,319.0,273.0,287.0,257.0,291.0,275.0,285.0,283.0,318.0,298.0,284.0,337.0,280.0,295.0,2766.0,334.0,322.0,319.0,329.0,319.0,308.0,314.0,315.0,292.0,276.0,306.0,324.0,285.0,324.0,305.0,291.0,273.0,284.0,313.0,309.0,359.0,409.0,6798.0,348.0,0.58056640625,8.0
4331.0,408.0,384.0,462.0,473.0,351.0,384.0,397.0,444.0,383.0,379.0,413.0,410.0,385.0,401.0,403.0,421.0,368.0,400.0,395.0,391.0,387.0,408.0,377.0,426.0,416.0,414.0,372.0,466.0,402.0,392.0,390.0,417.0,413.0,373.0,418.0,586.0,390.0,360.0,410.0,437.0,430.0,394.0,454.0,392.0,379.0,407.0,399.0,398.0,446.0,402.0,479.0,415.0,378.0,388.0,365.0,386.0,388.0,443.0,392.0,406.0,362.0,401.0,372.0,384.0,417.0,350.0,385.0,386.0,395.0,369.0,364.0,387.0,366.0,385.0,377.0,402.0,383.0,381.0,390.0,512.0,466.0,456.0,473.0,422.0,407.0,472.0,437.0,420.0,462.0,389.0,432.0,375.0,396.0,396.0,435.0,387.0,418.0,365.0,386.0,417.0,468.0,380.0,376.0,613.0,376.0,613.0,379.0,398.0,399.0,400.0,402.0,397.0,381.0,404.0,391.0,426.0,366.0,385.0,373.0,417.0,409.0,382.0,409.0,374.0,377.0,391.0,373.0,395.0,579.0,380.0,527.0,404.0,416.0,358.0,447.0,353.0,429.0,385.0,531.0,390.0,444.0,369.0,403.0,382.0,398.0,340.0,376.0,359.0,387.0,375.0,397.0,382.0,357.0,388.0,379.0,365.0,361.0,393.0,364.0,374.0,383.0,388.0,390.0,397.0,367.0,375.0,350.0,355.0,370.0,388.0,391.0,394.0,354.0,375.0,382.0,402.0,329.0,392.0,384.0,416.0,363.0,321.0,354.0,405.0,396.0,381.0,400.0,320.0,368.0,357.0,403.0,414.0,621.0,425.0,425.0,614.0,382.0,434.0,401.0,368.0,372.0,393.0,413.0,398.0,336.0,392.0,371.0,429.0,401.0,391.0,415.0,389.0,383.0,388.0,378.0,398.0,389.0,363.0,377.0,403.0,364.0,351.0,381.0,388.0,427.0,380.0,390.0,406.0,349.0,408.0,387.0,917.0,414.0,373.0,360.0,418.0,396.0,364.0,396.0,399.0,375.0,385.0,381.0,373.0,387.0,371.0,446.0,399.0,389.0,355.0,374.0,373.0,391.0,386.0,483.0,65180.0,0.5947265625,9.0
152004.0,8146.0,5486.0,5860.0,7468.0,4813.0,5693.0,3682.0,7458.0,844.0,876.0,3871.0,5628.0,1047.0,667.0,7913.0,6045.0,832.0,889.0,594.0,4750.0,994.0,917.0,27415.0,4920.0,479.0,379.0,457.0,1126.0,480.0,421.0,577.0,5774.0,355.0,375.0,572.0,8010.0,663.0,350.0,340.0,880.0,414.0,384.0,1373.0,731.0,493.0,440.0,337.0,1123.0,475.0,526.0,5706.0,1101.0,660.0,27548.0,346.0,915.0,5726.0,496.0,5106.0,1185.0,1252.0,563.0,1556.0,4779.0,2047.0,1569.0,5503.0,5395.0,6217.0,5882.0,958.0,4358.0,881.0,818.0,746.0,2047.0,6130.0,1224.0,848.0,6978.0,2043.0,1177.0,4281.0,1647.0,4601.0,7691.0,5369.0,1475.0,5031.0,1063.0,1586.0,274074.0,5243.0,4809.0,1400.0,1186.0,1503.0,893.0,1247.0,1283.0,2284.0,2360.0,990.0,5475.0,1562.0,5002.0,813.0,1605.0,1043.0,1718.0,1570.0,1763.0,802.0,1912.0,1639.0,8086.0,7482.0,1022.0,885.0,962.0,1012.0,762.0,584.0,1713.0,5497.0,1047.0,1162.0,4871.0,1880.0,933.0,9792.0,7436.0,7946.0,1365.0,785.0,5134.0,9445.0,2564.0,17290.0,1201.0,9065.0,1110.0,1156.0,3647.0,839.0,924.0,952.0,1211.0,1357.0,1110.0,863.0,1091.0,859.0,966.0,700.0,912.0,991.0,948.0,1200.0,981.0,1123.0,736.0,791.0,1096.0,984.0,877.0,885.0,1180.0,1043.0,847.0,629.0,28192.0,642.0,812.0,1093.0,27830.0,1332.0,27939.0,867.0,836.0,757.0,4620.0,824.0,1450.0,968.0,730.0,629.0,955.0,949.0,870.0,971.0,8108.0,5193.0,1504.0,10602.0,5685.0,800.0,4681.0,5485.0,1257.0,1574.0,1000.0,911.0,291236.0,535.0,731.0,608.0,1238.0,892.0,1216.0,823.0,588.0,440.0,434.0,574.0,1227.0,1083.0,504.0,1128.0,963.0,1019.0,650.0,670.0,1486.0,811.0,747.0,427.0,901.0,728.0,960.0,667.0,8174.0,4494.0,583.0,4771.0,4948.0,503.0,563.0,712.0,4266.0,630.0,987.0,717.0,943.0,364.0,2050.0,1994.0,4897.0,1358.0,635.0,704.0,5670.0,1641.0,5023.0,63094.0,16288.0,5.200525283813477,3.0
77130.0,26126.0,33608.0,30293.0,33586.0,38873.0,29138.0,28758.0,32066.0,22448.0,18677.0,25027.0,27074.0,106399.0,18502.0,31049.0,28006.0,18430.0,18769.0,18366.0,25373.0,18763.0,18921.0,18349.0,27044.0,18388.0,18428.0,18442.0,18678.0,18436.0,18420.0,18442.0,8949.0,249.0,275.0,335.0,8905.0,344.0,263.0,672.0,706.0,405.0,246.0,519.0,426.0,512.0,229.0,88397.0,536.0,88097.0,393.0,9614.0,412.0,429.0,402.0,718.0,615.0,7160.0,532.0,8061.0,88417.0,768.0,526.0,1734.0,8601.0,953.0,319025.0,8127.0,7201.0,12559.0,8335.0,730.0,11364.0,837.0,856.0,602.0,861.0,6814.0,763.0,806.0,8957.0,796.0,787.0,7369.0,764.0,8774.0,7955.0,9724.0,892.0,7446.0,662.0,891.0,874.0,9615.0,7438.0,1329.0,1503.0,1810.0,617.0,703.0,662.0,1422.0,1690.0,639.0,7961.0,832.0,7430.0,494.0,1089.0,660.0,1178.0,1104.0,912.0,772.0,1374.0,1010.0,9542.0,9712.0,912.0,965.0,773.0,717.0,648.0,610.0,981.0,7425.0,623.0,1088.0,9564.0,873.0,607.0,10846.0,7059.0,8403.0,729.0,697.0,10834.0,9786.0,912.0,12113.0,662.0,8131.0,1034.0,555.0,1082.0,902.0,616.0,603.0,734.0,965.0,768.0,749.0,996.0,817.0,691.0,944.0,830.0,705.0,641.0,816.0,1010.0,872.0,712.0,88481.0,851.0,937.0,803.0,1154.0,628.0,583.0,422.0,848.0,848.0,510.0,749.0,819.0,720.0,734.0,553.0,503.0,572.0,534.0,10472.0,834.0,920.0,820.0,753.0,600.0,710.0,817.0,538.0,951.0,7985.0,7082.0,933.0,7602.0,7345.0,529.0,6752.0,7104.0,642.0,820.0,690.0,545.0,1670.0,501.0,639.0,597.0,805.0,737.0,714.0,785.0,629.0,518.0,528.0,617.0,738.0,786.0,354.0,778.0,561.0,721.0,455.0,479.0,853.0,460.0,475.0,430.0,605.0,603.0,527.0,687.0,8479.0,7684.0,416.0,10832.0,11506.0,370.0,322.0,689.0,9016.0,417.0,490.0,452.0,554.0,236.0,652.0,932.0,8658.0,520.0,422.0,415.0,9014.0,716.0,8475.0,60274.0,16196.0,7.57568359375,4.0
10726.0,963.0,773.0,860.0,712.0,643.0,673.0,649.0,648.0,649.0,650.0,646.0,606.0,604.0,652.0,645.0,906.0,657.0,687.0,702.0,778.0,684.0,651.0,637.0,623.0,685.0,668.0,751.0,701.0,601.0,659.0,696.0,1210.0,671.0,687.0,660.0,739.0,649.0,692.0,696.0,725.0,667.0,711.0,638.0,632.0,663.0,708.0,621.0,1930.0,968.0,945.0,1082.0,1012.0,941.0,914.0,940.0,982.0,929.0,907.0,985.0,989.0,967.0,957.0,1047.0,710.0,811.0,1658.0,788.0,717.0,723.0,740.0,636.0,668.0,682.0,620.0,633.0,676.0,736.0,610.0,625.0,640.0,589.0,636.0,714.0,670.0,619.0,652.0,624.0,654.0,586.0,659.0,595.0,654.0,636.0,638.0,602.0,677.0,1012.0,706.0,831.0,816.0,1196.0,834.0,646.0,715.0,1084.0,614.0,693.0,924.0,729.0,989.0,977.0,724.0,616.0,1006.0,895.0,1074.0,805.0,734.0,700.0,705.0,752.0,611.0,631.0,651.0,609.0,591.0,639.0,751.0,698.0,653.0,855.0,615.0,663.0,640.0,619.0,663.0,613.0,640.0,694.0,622.0,692.0,574.0,584.0,621.0,608.0,641.0,600.0,617.0,641.0,659.0,633.0,634.0,616.0,650.0,643.0,671.0,609.0,645.0,616.0,680.0,625.0,633.0,667.0,637.0,636.0,674.0,636.0,594.0,651.0,794.0,623.0,661.0,604.0,622.0,620.0,683.0,808.0,702.0,718.0,583.0,763.0,616.0,659.0,641.0,615.0,610.0,822.0,635.0,1117.0,619.0,587.0,695.0,688.0,720.0,824.0,672.0,661.0,672.0,766.0,679.0,725.0,558.0,669.0,611.0,678.0,635.0,1096.0,625.0,642.0,652.0,626.0,668.0,635.0,654.0,667.0,865.0,659.0,648.0,626.0,707.0,626.0,626.0,640.0,642.0,618.0,668.0,694.0,658.0,645.0,653.0,646.0,641.0,671.0,628.0,687.0,704.0,669.0,603.0,645.0,678.0,863.0,688.0,690.0,651.0,632.0,627.0,665.0,658.0,695.0,620.0,612.0,660.0,612.0,669.0,1586.0,11156.0,0.7080078125,6.0
12838.0,2362.0,2140.0,2092.0,2129.0,2335.0,2054.0,2154.0,2023.0,1969.0,2042.0,2057.0,2103.0,2014.0,2009.0,2007.0,2254.0,1920.0,1985.0,2048.0,1981.0,2055.0,1973.0,2066.0,2011.0,1981.0,1992.0,2050.0,2031.0,1999.0,2044.0,2011.0,2534.0,1918.0,2002.0,1976.0,1987.0,2089.0,2008.0,1954.0,1969.0,2038.0,1998.0,2004.0,2211.0,2036.0,2008.0,2012.0,3114.0,3223.0,3062.0,3187.0,3150.0,3072.0,3174.0,3113.0,3088.0,3148.0,3081.0,3434.0,3132.0,3234.0,3277.0,3106.0,2029.0,2194.0,2020.0,2045.0,2117.0,2282.0,2073.0,2111.0,2084.0,2224.0,2042.0,2003.0,2104.0,2104.0,2103.0,2171.0,2056.0,2072.0,1950.0,1986.0,2020.0,2058.0,2097.0,2031.0,2128.0,1987.0,2009.0,1967.0,1963.0,1985.0,2025.0,1962.0,1961.0,2452.0,2083.0,2152.0,2192.0,2564.0,2086.0,2088.0,1989.0,2301.0,2039.0,1939.0,2228.0,2097.0,2314.0,2383.0,2161.0,1989.0,2411.0,2284.0,2382.0,2216.0,2116.0,1959.0,2042.0,2140.0,2094.0,1995.0,2039.0,2824.0,2050.0,2023.0,2077.0,2046.0,2268.0,2043.0,1997.0,1982.0,2021.0,2009.0,1998.0,2053.0,2019.0,2008.0,2018.0,2043.0,1994.0,1981.0,1904.0,1964.0,2052.0,1941.0,2056.0,2178.0,2004.0,1990.0,1990.0,2022.0,2024.0,2022.0,1989.0,2067.0,2024.0,2037.0,2084.0,1989.0,1996.0,1988.0,1983.0,2070.0,2006.0,1986.0,2036.0,1907.0,2036.0,2003.0,2054.0,2008.0,2085.0,2024.0,2018.0,1967.0,1988.0,1980.0,2068.0,2080.0,1999.0,1933.0,2032.0,2051.0,2039.0,2177.0,2188.0,2098.0,2019.0,2012.0,1997.0,2002.0,2063.0,1949.0,2869.0,1999.0,1980.0,2087.0,2045.0,1977.0,1999.0,2048.0,2069.0,1994.0,2094.0,2026.0,1958.0,1926.0,2048.0,1987.0,2044.0,1983.0,2056.0,2006.0,1922.0,1920.0,1981.0,1927.0,2003.0,2001.0,1962.0,1986.0,2019.0,2009.0,1924.0,2009.0,1922.0,2028.0,1977.0,1984.0,1981.0,1886.0,1939.0,2015.0,1969.0,2012.0,2048.0,2084.0,2108.0,1946.0,1943.0,2017.0,1984.0,2040.0,2064.0,2119.0,1997.0,1994.0,2004.0,2005.0,2196.0,2047.0,2077.0,2989.0,13712.0,1.96826171875,4.0
92234.0,8871.0,2737.0,2447.0,9100.0,9255.0,9171.0,2521.0,8771.0,2607.0,2548.0,2530.0,9413.0,3041.0,2761.0,2547.0,2620.0,2737.0,2444.0,2851.0,2763.0,3036.0,2476.0,2351.0,2738.0,2583.0,2440.0,2553.0,2857.0,2675.0,2644.0,2692.0,2505.0,2455.0,2490.0,2649.0,2496.0,2667.0,2415.0,2463.0,2418.0,2681.0,2502.0,2962.0,2992.0,2691.0,2660.0,2516.0,2324.0,2673.0,2705.0,74001.0,2496.0,2709.0,2616.0,2690.0,2531.0,2473.0,2735.0,2326.0,2535.0,2997.0,2771.0,2545.0,2381.0,2538.0,2719.0,2667.0,2450.0,2303.0,2591.0,2532.0,2731.0,9433.0,9211.0,2574.0,2475.0,2449.0,2568.0,2304.0,15610.0,2813.0,2355.0,2316.0,2650.0,2365.0,8938.0,2723.0,2971.0,9384.0,2730.0,2642.0,2644.0,2483.0,2550.0,2929.0,2694.0,2645.0,2452.0,2485.0,2571.0,2701.0,2698.0,2538.0,2941.0,2770.0,9417.0,2583.0,2485.0,2507.0,2578.0,2920.0,2380.0,2523.0,2806.0,2819.0,15816.0,8871.0,2468.0,2756.0,2536.0,3195.0,2757.0,2429.0,2663.0,2400.0,2797.0,2299.0,2623.0,3072.0,2596.0,8961.0,2562.0,16306.0,2915.0,2333.0,2342.0,2377.0,73162.0,22508.0,2501.0,9297.0,2702.0,2840.0,2466.0,2438.0,2421.0,2745.0,2685.0,2803.0,2575.0,2546.0,2721.0,2405.0,2689.0,2665.0,2718.0,2712.0,2437.0,74676.0,2539.0,2423.0,2610.0,71548.0,2842.0,2331.0,2704.0,2635.0,2553.0,2291.0,2197.0,74220.0,2544.0,2738.0,2269.0,2331.0,2436.0,2365.0,2654.0,2272.0,2602.0,2833.0,2692.0,2872.0,2478.0,2323.0,2765.0,2483.0,2373.0,2572.0,2689.0,2549.0,9279.0,3201.0,2991.0,2471.0,2781.0,2328.0,2680.0,2374.0,2573.0,2813.0,2659.0,2772.0,2248.0,2734.0,2632.0,2676.0,3033.0,2748.0,2596.0,2611.0,2373.0,2688.0,2503.0,2946.0,2541.0,2611.0,2465.0,2398.0,2591.0,2252.0,2468.0,2501.0,2817.0,2621.0,2638.0,2660.0,2625.0,2357.0,2505.0,2416.0,22400.0,2842.0,2500.0,2246.0,2566.0,2556.0,2298.0,2836.0,2583.0,3110.0,2759.0,2408.0,2303.0,2481.0,2458.0,2589.0,2458.0,2567.0,2646.0,2458.0,2526.0,2445.0,2946.0,49891.0,484.0,4.6162109375,2.0
64381.0,17844.0,16886.0,16597.0,4506.0,2512.0,2797.0,2526.0,4889.0,2382.0,2670.0,2177.0,3276.0,2234.0,2204.0,4257.0,15194.0,14843.0,15175.0,14490.0,2262.0,1744.0,1966.0,1689.0,2771.0,2128.0,1902.0,1881.0,2397.0,130776.0,2171.0,1967.0,21422.0,19311.0,19049.0,19074.0,2710.0,1644.0,1398.0,1912.0,2163.0,1472.0,1621.0,1821.0,1582.0,1705.0,1190.0,1451.0,19382.0,19176.0,18642.0,19923.0,1495.0,1337.0,1185.0,1186.0,2194.0,2096.0,1215.0,2101.0,1648.0,1694.0,1266.0,1508.0,3874.0,2746.0,2191.0,2815.0,2239.0,3931.0,2227.0,1638.0,2227.0,1576.0,1795.0,1455.0,1577.0,2794.0,2096.0,1232.0,3156.0,2076.0,3136.0,2080.0,1433.0,2043.0,2090.0,1826.0,1896.0,2337.0,1548.0,1608.0,1432.0,2035.0,1918.0,1646.0,3414.0,2415.0,1776.0,1897.0,2057.0,2461.0,2182.0,2128.0,2397.0,1857.0,3041.0,1514.0,1609.0,1519.0,1753.0,1594.0,2467.0,2299.0,1856.0,1550.0,3920.0,3881.0,1392.0,1497.0,1845.0,1414.0,1438.0,1468.0,1371.0,2700.0,1523.0,1481.0,3669.0,3375.0,2545.0,5565.0,2774.0,3956.0,2236.0,2296.0,2253.0,3891.0,2073.0,8417.0,1828.0,3722.0,2414.0,1854.0,2134.0,1624.0,1346.0,1621.0,1794.0,1571.0,1689.0,1644.0,1707.0,1441.0,1587.0,1575.0,2390.0,1759.0,1404.0,1928.0,2391.0,2236.0,1811.0,1773.0,1813.0,1706.0,1506.0,1542.0,1927.0,1716.0,1604.0,1523.0,1523.0,1459.0,2287.0,1533.0,1885.0,1921.0,1288.0,1222.0,1377.0,1278.0,1915.0,1279.0,1414.0,1225.0,1107.0,1264.0,1189.0,1253.0,1132.0,1322.0,5068.0,3302.0,2555.0,3202.0,2483.0,2255.0,2393.0,2368.0,2353.0,2249.0,2169.0,1632.0,243523.0,1488.0,1800.0,1576.0,1855.0,1541.0,1840.0,1793.0,1435.0,1345.0,1397.0,1394.0,1912.0,1644.0,1388.0,1546.0,1260.0,1390.0,1441.0,1557.0,3028.0,2433.0,1881.0,1942.0,1906.0,1541.0,1662.0,1594.0,4962.0,2240.0,2070.0,2901.0,2238.0,1512.0,1549.0,1632.0,2368.0,1273.0,1652.0,1384.0,1519.0,1107.0,2128.0,2036.0,2442.0,1781.0,1351.0,1540.0,2373.0,1567.0,2252.0,26247.0,10588.0,4.251550674438477,5.0
7480.0,4326.0,3096.0,3176.0,3131.0,3124.0,3033.0,3085.0,3054.0,3183.0,3085.0,3254.0,3148.0,3020.0,3138.0,3115.0,3098.0,3052.0,3179.0,3057.0,3093.0,3115.0,3166.0,3143.0,3064.0,3158.0,3040.0,3066.0,3087.0,3046.0,3189.0,3158.0,3139.0,3034.0,3113.0,3063.0,3073.0,3121.0,3071.0,3116.0,3178.0,3076.0,3233.0,3132.0,3009.0,3039.0,3142.0,3060.0,3255.0,3037.0,3109.0,3122.0,3141.0,3101.0,3144.0,3094.0,3038.0,3078.0,3077.0,3123.0,3127.0,3107.0,3160.0,3170.0,3105.0,3104.0,3092.0,3028.0,3133.0,3153.0,3139.0,3088.0,3063.0,3099.0,3014.0,3071.0,3120.0,3058.0,3001.0,3081.0,3169.0,3198.0,3091.0,3132.0,3053.0,3148.0,3161.0,3067.0,3065.0,3155.0,3154.0,3106.0,3087.0,3188.0,3196.0,3051.0,3170.0,3084.0,3176.0,3147.0,3016.0,3072.0,3048.0,3204.0,3024.0,3006.0,3098.0,2949.0,3011.0,3031.0,3142.0,3009.0,3031.0,3069.0,3201.0,3103.0,3105.0,3093.0,3155.0,3141.0,3069.0,3229.0,3002.0,3010.0,3136.0,3053.0,3092.0,3057.0,3104.0,3009.0,3017.0,3194.0,3131.0,3069.0,3066.0,3134.0,3128.0,3067.0,3063.0,3343.0,3107.0,3141.0,3168.0,3158.0,3127.0,3080.0,3157.0,3104.0,3094.0,3194.0,3069.0,3128.0,3044.0,3051.0,3114.0,3107.0,3063.0,3063.0,3064.0,3103.0,3128.0,3119.0,3151.0,3199.0,3080.0,3129.0,3130.0,3146.0,3177.0,3259.0,3112.0,3194.0,3246.0,3099.0,3080.0,3053.0,3098.0,3139.0,3037.0,3162.0,3096.0,3071.0,3048.0,3032.0,3044.0,3151.0,3045.0,3083.0,3052.0,3102.0,3126.0,3112.0,2975.0,3055.0,3103.0,3124.0,3236.0,3149.0,3067.0,3088.0,3147.0,3082.0,3055.0,3108.0,3094.0,3058.0,3113.0,3190.0,3132.0,3078.0,3004.0,3116.0,3067.0,2962.0,3142.0,3162.0,3064.0,3098.0,3057.0,3128.0,3198.0,2987.0,3146.0,3105.0,3047.0,3059.0,3109.0,3192.0,3144.0,3060.0,3094.0,3043.0,3261.0,2986.0,3063.0,3026.0,3309.0,3057.0,2993.0,3176.0,4233.0,4202.0,4266.0,3008.0,3197.0,3163.0,3019.0,3048.0,3006.0,3038.0,3006.0,3039.0,3087.0,3108.0,3071.0,5115.0,2320028.0,10.80419921875,7.0
44685.0,10180.0,7983.0,10864.0,7518.0,9019.0,8395.0,8222.0,7448.0,291609.0,419.0,7090.0,7130.0,522.0,372.0,8127.0,7938.0,349.0,573.0,282.0,8239.0,537.0,451.0,346.0,6831.0,319.0,182.0,258.0,432.0,271.0,272.0,313.0,7770.0,315.0,334.0,435.0,8203.0,378.0,266.0,360.0,536.0,313.0,296.0,418.0,65490.0,303.0,367.0,428.0,567.0,376.0,301.0,9012.0,466.0,377.0,330.0,65240.0,466.0,9262.0,442.0,8456.0,516.0,574.0,342.0,320.0,6408.0,1423.0,420.0,11181.0,7568.0,7649.0,7200.0,676.0,6638.0,528468.0,353.0,458.0,644.0,7926.0,499.0,481.0,12132.0,596.0,393.0,7336.0,494.0,7559.0,7353.0,8743.0,737.0,7619.0,573.0,586.0,583.0,13193.0,7017.0,626.0,495.0,985.0,802.0,669.0,700.0,1340.0,733.0,551.0,7291.0,862.0,8609.0,628.0,1126.0,755.0,956.0,1183.0,764.0,658.0,1264.0,1037.0,8258.0,12913.0,896.0,811.0,702.0,745.0,914.0,828.0,1063.0,11652.0,932.0,1085.0,8087.0,65621.0,809.0,10692.0,11655.0,9874.0,1048.0,723.0,11049.0,8625.0,987.0,11375.0,647.0,7907.0,645.0,1022.0,931.0,772.0,838.0,823.0,738.0,821.0,812.0,594.0,913.0,877.0,821.0,702.0,612.0,580.0,757.0,820.0,702.0,774.0,650.0,510.0,759.0,609.0,468.0,573.0,605.0,559.0,560.0,1012.0,639.0,676.0,530.0,386.0,433.0,639.0,508.0,385.0,503.0,440.0,6680.0,557.0,505.0,532.0,587.0,383.0,422.0,459.0,487.0,534.0,9382.0,8151.0,541.0,7538.0,9173.0,429.0,9378.0,17078.0,600.0,676.0,457.0,332.0,1192.0,570.0,470.0,436.0,542.0,551.0,368.0,678.0,576.0,355.0,467.0,65678.0,572.0,805.0,424.0,817.0,529.0,567.0,445.0,359.0,814.0,472.0,408.0,497.0,532.0,456.0,918.0,390.0,9002.0,7568.0,377.0,7345.0,7207.0,288.0,394.0,305.0,8431.0,409.0,265.0,377.0,487.0,295.0,508.0,600.0,10958.0,346.0,65200.0,328.0,7927.0,411.0,7184.0,57992.0,10588.0,6.61279296875,9.0
45198.0,21150.0,19768.0,18272.0,19590.0,21634.0,18026.0,18523.0,18961.0,11516.0,11552.0,21579.0,19867.0,15408.0,15222.0,22663.0,24227.0,15201.0,15417.0,15156.0,21732.0,15305.0,15372.0,15211.0,23079.0,15230.0,15159.0,15213.0,11605.0,11441.0,11463.0,11506.0,7658.0,214.0,180.0,222.0,6066.0,155.0,163.0,183.0,332.0,207.0,149.0,342.0,245.0,271.0,286.0,219.0,318.0,332.0,240.0,7840.0,318.0,353.0,352.0,297.0,431.0,10860.0,366.0,8291.0,95365.0,378.0,339.0,363.0,7261.0,1132.0,396.0,6966.0,6838.0,9470.0,10892.0,750.0,6568.0,482.0,381.0,386.0,96063.0,7165.0,438.0,301.0,7601.0,497.0,523.0,11705.0,522.0,9045.0,6883.0,7973.0,524.0,7254.0,466.0,515.0,505.0,6626.0,8540.0,609.0,1132.0,681.0,591.0,617.0,798.0,1115.0,832.0,570.0,11634.0,683.0,8445.0,563.0,790.0,545868.0,95720.0,708.0,607.0,542.0,923.0,791.0,17571.0,8654.0,844.0,637.0,478.0,604.0,653.0,552.0,805.0,8787.0,929.0,691.0,8411.0,733.0,472.0,7973.0,7028.0,9429.0,647.0,394.0,8384.0,8672.0,712.0,10341.0,639.0,11485.0,631.0,622.0,456.0,618.0,740.0,704.0,519.0,643.0,95934.0,605.0,709.0,734.0,671.0,515.0,663.0,709.0,683.0,628.0,640.0,994.0,674.0,1024.0,669.0,818.0,707.0,635.0,761.0,589.0,871.0,743.0,795.0,696.0,697.0,829.0,719.0,787.0,577.0,640.0,657.0,466.0,6789.0,561.0,572.0,422.0,390.0,351.0,427.0,286.0,391.0,544.0,9249.0,8276.0,615.0,7184.0,6754.0,561.0,7210.0,7465.0,806.0,570.0,428.0,382.0,1226.0,312.0,436.0,219.0,398.0,408.0,267.0,299.0,284.0,225.0,370.0,267.0,353.0,311.0,459.0,245.0,345.0,254.0,311.0,332.0,522.0,361.0,247.0,265.0,510.0,367.0,95627.0,227.0,7639.0,8888.0,265.0,10764.0,12121.0,293.0,230.0,301.0,6856.0,323.0,193.0,325.0,454.0,206.0,402.0,306.0,7826.0,340.0,274.0,301.0,7768.0,314.0,8429.0,40969.0,7976.0,7.40576171875,6.0
11292.0,5597.0,3205.0,3367.0,3343.0,3307.0,3265.0,3216.0,3197.0,3144.0,3205.0,3344.0,3294.0,3323.0,3174.0,3182.0,3169.0,3248.0,3087.0,3264.0,3292.0,3246.0,3288.0,3178.0,3218.0,3274.0,3192.0,3236.0,3162.0,3228.0,3259.0,3266.0,3163.0,3228.0,3145.0,3377.0,3167.0,3232.0,3255.0,3222.0,3342.0,3185.0,3166.0,3255.0,3124.0,3239.0,3176.0,3297.0,3223.0,3176.0,3255.0,3334.0,3272.0,3156.0,3331.0,3176.0,3246.0,3158.0,3331.0,3254.0,3212.0,3163.0,3363.0,3214.0,3281.0,3139.0,3250.0,3264.0,3253.0,3332.0,3382.0,3322.0,3186.0,3259.0,3274.0,3166.0,3216.0,3212.0,3272.0,3353.0,3340.0,3317.0,3263.0,3299.0,3228.0,3220.0,3304.0,3299.0,3281.0,3252.0,3337.0,3153.0,3215.0,3264.0,3152.0,3356.0,3242.0,3278.0,3206.0,3404.0,3241.0,3355.0,3087.0,3384.0,3369.0,3302.0,3274.0,3111.0,3258.0,3200.0,3235.0,3272.0,3256.0,3222.0,3302.0,3307.0,3299.0,3236.0,3260.0,3258.0,3248.0,3303.0,3310.0,3141.0,3163.0,3218.0,3224.0,3199.0,3341.0,3278.0,3193.0,3712.0,3495.0,3321.0,3232.0,3370.0,3276.0,3333.0,3293.0,3436.0,3266.0,3345.0,3295.0,3249.0,3301.0,3229.0,3242.0,3260.0,3208.0,3426.0,3305.0,3236.0,3252.0,3253.0,3326.0,3390.0,3239.0,3253.0,3269.0,3222.0,3293.0,3240.0,3249.0,3202.0,3265.0,3243.0,3238.0,3334.0,3295.0,3287.0,3225.0,3188.0,3187.0,3270.0,3300.0,3245.0,3352.0,3329.0,3205.0,3270.0,3225.0,3237.0,3302.0,3156.0,3168.0,3220.0,3263.0,3152.0,3300.0,3193.0,3305.0,3230.0,3246.0,3316.0,3227.0,3310.0,3558.0,3424.0,3328.0,3273.0,3255.0,3223.0,3192.0,3296.0,3239.0,3181.0,3219.0,3253.0,3232.0,3341.0,3115.0,3200.0,3195.0,3231.0,3200.0,3255.0,3211.0,3222.0,3139.0,3207.0,3218.0,3152.0,3240.0,3194.0,3160.0,3190.0,3306.0,3173.0,3201.0,3157.0,3215.0,3252.0,3384.0,3211.0,3135.0,3142.0,3317.0,3184.0,3184.0,3174.0,5637.0,5461.0,5390.0,3224.0,3113.0,3172.0,3193.0,3190.0,3120.0,3279.0,3126.0,3142.0,3161.0,3169.0,3198.0,7066.0,1490076.0,8.099609375,9.0
54012.0,19483.0,15206.0,13753.0,14299.0,14067.0,13143.0,15494.0,15077.0,7135.0,7085.0,14275.0,10506.0,3822.0,6716.0,14110.0,16158.0,6604.0,6991.0,6643.0,14216.0,7008.0,6796.0,6571.0,12325.0,6672.0,6577.0,6812.0,6892.0,6773.0,6575.0,6747.0,9353.0,319.0,390.0,390.0,9205.0,459.0,399.0,439.0,759.0,484.0,402.0,593.0,524.0,414.0,349.0,389.0,699.0,489.0,473.0,7566.0,543.0,583.0,478.0,491.0,643.0,8016.0,576.0,7992.0,841.0,864.0,541.0,1521.0,9272.0,819.0,576.0,7117.0,7547.0,8467.0,8768.0,675.0,6926.0,617.0,601.0,619.0,905.0,7675.0,612691.0,547.0,9537.0,911.0,842.0,8567.0,713.0,6905.0,7351.0,11597.0,849.0,7698.0,65033.0,843.0,1270.0,9596.0,7103.0,1044.0,923.0,1023.0,693.0,776.0,997.0,1363.0,1832.0,757.0,8995.0,973.0,8727.0,851.0,1219.0,902.0,1115.0,1286.0,1035.0,803.0,1266.0,1121.0,9850.0,8681.0,923.0,1009.0,1002.0,1011.0,775.0,701.0,1006.0,11791.0,992.0,1351.0,9993.0,1204.0,1043.0,9462.0,9875.0,13312.0,954.0,842.0,8672.0,10309.0,1115.0,14744.0,762.0,8633.0,830.0,640.0,1321.0,1210.0,1084.0,1224.0,1232.0,1208.0,966.0,924.0,1022.0,64787.0,1028.0,1072.0,1010.0,1003.0,823.0,858.0,945.0,951.0,929.0,1309.0,1145.0,1190.0,1113.0,918.0,818.0,752.0,715.0,837.0,886.0,759.0,828.0,611.0,1024.0,873.0,64620.0,691.0,611.0,655.0,8871.0,647.0,803.0,506.0,543.0,625.0,650.0,748.0,530.0,1028.0,11529.0,9279.0,759.0,8299.0,7346.0,574.0,6895.0,7653.0,753.0,847.0,529.0,600.0,1851.0,669.0,818.0,695.0,952.0,733.0,669.0,904.0,610.0,514.0,685.0,64826.0,64754.0,938.0,479.0,912.0,665.0,779.0,553.0,601.0,893.0,580.0,590.0,498.0,675.0,503.0,453.0,438.0,9366.0,8172.0,328.0,7686.0,11057.0,397.0,255.0,386.0,8889.0,381.0,350.0,362.0,453.0,241.0,518.0,834.0,11821.0,401.0,343.0,403.0,10595.0,732.0,8596.0,64252.0,13128.0,6.740234375,3.0
92213.0,9323.0,2700.0,2615.0,9182.0,9054.0,9236.0,2471.0,8843.0,2495.0,2286.0,2465.0,8907.0,2286.0,2493.0,2819.0,2662.0,2655.0,2502.0,2858.0,2726.0,2931.0,2703.0,2357.0,2337.0,2300.0,3012.0,2372.0,2698.0,2523.0,2516.0,2610.0,2698.0,3010.0,2814.0,2708.0,2716.0,2475.0,2645.0,2749.0,2477.0,2408.0,2363.0,2372.0,2396.0,2313.0,2681.0,2392.0,2603.0,2631.0,2877.0,2647.0,2710.0,2698.0,2293.0,2742.0,2382.0,2372.0,2449.0,2569.0,2515.0,2777.0,2415.0,2591.0,180601.0,2425.0,2481.0,2507.0,2638.0,2422.0,2506.0,2448.0,2484.0,9180.0,9171.0,2519.0,2982.0,2663.0,2379.0,2851.0,15717.0,2793.0,2569.0,2540.0,2488.0,2588.0,8821.0,2464.0,2725.0,9161.0,2326.0,2430.0,2739.0,2552.0,2651.0,2771.0,2491.0,2454.0,2631.0,2623.0,2380.0,2722.0,2454.0,2403.0,2655.0,2492.0,9269.0,2517.0,2635.0,2913.0,2878.0,2521.0,2732.0,2549.0,2708.0,2844.0,15715.0,8949.0,2458.0,2425.0,2676.0,2724.0,2407.0,2404.0,2594.0,2575.0,2762.0,2658.0,2328.0,2750.0,2294.0,8996.0,2344.0,15579.0,2629.0,2667.0,2807.0,2866.0,2711.0,22245.0,2627.0,9236.0,2345.0,2507.0,2325.0,2382.0,2513.0,2393.0,2756.0,2549.0,2405.0,2683.0,2855.0,2796.0,2732.0,2622.0,2616.0,2627.0,2575.0,2588.0,2508.0,2429.0,2468.0,2308.0,2362.0,2442.0,2654.0,2517.0,2704.0,2743.0,2638.0,2772.0,2671.0,2702.0,2529.0,2479.0,2362.0,2293.0,2339.0,2526.0,2516.0,2733.0,2686.0,2479.0,2766.0,2771.0,2699.0,2819.0,2626.0,2674.0,2547.0,2642.0,9038.0,2619.0,2723.0,2594.0,2823.0,2759.0,2587.0,2703.0,2449.0,2682.0,2561.0,2427.0,2547.0,2650.0,2438.0,177366.0,2696.0,2746.0,2416.0,2600.0,2616.0,2406.0,2540.0,2814.0,2702.0,2359.0,2452.0,2622.0,2475.0,2641.0,2538.0,2354.0,2587.0,2642.0,2553.0,2638.0,2565.0,2800.0,2602.0,2573.0,22626.0,2416.0,2471.0,2643.0,2520.0,2545.0,2530.0,2617.0,2756.0,2667.0,2516.0,2455.0,2503.0,2668.0,2792.0,2515.0,2407.0,2649.0,2706.0,2443.0,2525.0,2490.0,2638.0,49563.0,340.0,4.587890625,3.0
11230.0,5497.0,3255.0,3322.0,3440.0,3283.0,3206.0,3254.0,3188.0,3253.0,3157.0,3157.0,3389.0,3409.0,3203.0,3281.0,3323.0,3325.0,3092.0,3123.0,3260.0,3284.0,3252.0,3198.0,3215.0,3130.0,3204.0,3161.0,3258.0,3227.0,3099.0,3358.0,3286.0,3217.0,3203.0,3499.0,3347.0,3289.0,3263.0,3229.0,3251.0,3284.0,3238.0,3253.0,3229.0,3189.0,3191.0,3250.0,3237.0,3372.0,3244.0,3266.0,3222.0,3151.0,3169.0,3070.0,3146.0,3200.0,3241.0,3264.0,3221.0,3182.0,3204.0,3191.0,3211.0,3182.0,3233.0,3256.0,3124.0,3220.0,3365.0,3281.0,3222.0,3199.0,3217.0,3252.0,3265.0,3262.0,3260.0,3206.0,3277.0,3314.0,3219.0,3148.0,3178.0,3353.0,3283.0,3318.0,3284.0,3185.0,3268.0,3069.0,3203.0,3323.0,3174.0,3336.0,3236.0,3497.0,3188.0,3354.0,3282.0,3343.0,3188.0,3179.0,3222.0,3236.0,3327.0,3271.0,3203.0,3193.0,3220.0,3255.0,3432.0,3358.0,3391.0,3303.0,3280.0,3364.0,3304.0,3338.0,3312.0,3137.0,3075.0,3239.0,3165.0,3288.0,3261.0,3356.0,3412.0,3273.0,3195.0,3681.0,3246.0,3278.0,3283.0,3150.0,3186.0,3160.0,3304.0,3487.0,3346.0,3334.0,3315.0,3256.0,3385.0,3327.0,3194.0,3161.0,3229.0,3446.0,3339.0,3271.0,3257.0,3373.0,3297.0,3295.0,3290.0,3186.0,3259.0,3255.0,3261.0,3278.0,3193.0,3203.0,3231.0,3292.0,3311.0,3244.0,3230.0,3229.0,3306.0,3379.0,3283.0,3137.0,3312.0,3242.0,3289.0,3299.0,3207.0,3328.0,3258.0,3274.0,3363.0,3360.0,3293.0,3275.0,3267.0,3335.0,3245.0,3322.0,3251.0,3332.0,3185.0,3346.0,3227.0,3342.0,3520.0,3305.0,3244.0,3212.0,3260.0,3186.0,3213.0,3293.0,3155.0,3222.0,3173.0,3158.0,3204.0,3145.0,3158.0,3100.0,3141.0,3071.0,3277.0,3245.0,3246.0,3164.0,3193.0,3230.0,3218.0,3145.0,3185.0,3180.0,3190.0,3172.0,3108.0,3196.0,3164.0,3209.0,3128.0,3102.0,3488.0,3197.0,3219.0,3274.0,3255.0,3268.0,3186.0,3192.0,5635.0,5406.0,5524.0,3236.0,3141.0,3294.0,3203.0,3126.0,3254.0,3124.0,3144.0,3292.0,3169.0,3222.0,3249.0,7112.0,1490076.0,8.099609375,2.0
62425.0,20738.0,18328.0,17868.0,4128.0,2572.0,2758.0,2409.0,4524.0,2363.0,2641.0,2188.0,3028.0,2161.0,2191.0,4049.0,15128.0,13462.0,13831.0,13106.0,2192.0,1793.0,1922.0,1731.0,2703.0,2115.0,1909.0,1883.0,2406.0,2454.0,2316.0,2015.0,17042.0,14961.0,16250.0,16241.0,2224.0,1598.0,1367.0,1946.0,2011.0,1530.0,140670.0,1832.0,1659.0,1603.0,1261.0,1491.0,19505.0,19148.0,18730.0,19892.0,1377.0,1338.0,1164.0,1240.0,2141.0,1999.0,1347.0,2121.0,1623.0,1624.0,1335.0,1260.0,3771.0,2662.0,2284.0,2584.0,2156.0,3756.0,2131.0,1786.0,2203.0,1642.0,1858.0,1445.0,1504.0,2788.0,2138.0,1278.0,3272.0,2014.0,2969.0,2001.0,1329.0,1949.0,1961.0,1738.0,1826.0,2253.0,1476.0,1589.0,1328.0,1939.0,1837.0,1545.0,3447.0,2850.0,1688.0,1918.0,2066.0,2402.0,1927.0,2076.0,2367.0,1775.0,3084.0,1553.0,1574.0,1413.0,1741.0,1530.0,2482.0,2293.0,1872.0,1694.0,3797.0,3819.0,1390.0,1455.0,1876.0,1366.0,1369.0,1352.0,1289.0,2649.0,1618.0,1461.0,3675.0,3325.0,2428.0,5072.0,2673.0,3852.0,2217.0,2230.0,2186.0,3746.0,2045.0,7566.0,1853.0,3573.0,2381.0,1750.0,1990.0,1558.0,1494.0,1569.0,1698.0,1592.0,1565.0,1555.0,1608.0,1348.0,1446.0,1624.0,2240.0,1684.0,1342.0,1849.0,2292.0,2166.0,1782.0,1693.0,1723.0,1710.0,1450.0,1516.0,1903.0,1613.0,1560.0,1460.0,1359.0,1395.0,2166.0,1461.0,1770.0,1841.0,1176.0,1139.0,1313.0,1220.0,1958.0,1259.0,1376.0,1087.0,1072.0,1185.0,1067.0,1217.0,1082.0,1148.0,4763.0,3027.0,2436.0,2961.0,2298.0,1793.0,2193.0,2180.0,2197.0,2252.0,2126.0,1680.0,239078.0,1513.0,1803.0,1597.0,1823.0,1514.0,1538.0,1619.0,1422.0,1275.0,1466.0,1381.0,1740.0,1148.0,1313.0,1437.0,1192.0,1226.0,1317.0,1479.0,2812.0,2404.0,1791.0,1912.0,1986.0,1528.0,1656.0,1647.0,4612.0,2055.0,2002.0,2779.0,2165.0,1453.0,1585.0,1593.0,2190.0,1400.0,1568.0,1341.0,1513.0,1119.0,2127.0,1866.0,2273.0,1720.0,1258.0,1471.0,2220.0,1467.0,2141.0,25830.0,11392.0,4.167940139770508,6.0
5081.0,165.0,111.0,150.0,81.0,70.0,21.0,38.0,124.0,38.0,44.0,60.0,89.0,68.0,42.0,244.0,202.0,60.0,46.0,31.0,48.0,82.0,50.0,31.0,106.0,61.0,36.0,53.0,43.0,34.0,60.0,45.0,1226.0,122.0,86.0,206.0,87.0,357.0,57.0,44.0,111.0,36.0,44.0,2986.0,182.0,22.0,102.0,3692.0,3276.0,3109.0,3109.0,3247.0,3364.0,3237.0,3176.0,3158.0,3153.0,3077.0,70.0,137.0,123.0,123.0,57.0,28.0,68.0,3175.0,3590.0,3082.0,3085.0,3338.0,3134.0,3109.0,3114.0,3117.0,3065.0,3028.0,3051.0,3078.0,3031.0,3072.0,3093.0,3029.0,3082.0,3077.0,3068.0,3188.0,3045.0,3139.0,3138.0,3384.0,3120.0,779.0,54.0,184.0,41.0,75.0,125.0,3221.0,3122.0,3174.0,3096.0,3103.0,3189.0,3097.0,3060.0,3001.0,3093.0,3005.0,3057.0,2990.0,3076.0,3190.0,3044.0,3055.0,3033.0,3067.0,3237.0,3132.0,3095.0,3049.0,3056.0,3019.0,3043.0,18.0,82.0,15.0,17.0,19.0,41.0,141.0,74.0,66.0,135.0,112.0,214.0,22.0,122.0,244.0,33.0,443.0,55.0,122.0,48.0,40.0,125.0,56.0,23.0,44.0,51.0,119.0,56.0,59.0,63.0,21.0,19.0,14.0,124.0,174.0,30.0,24.0,68.0,98.0,24.0,139.0,97.0,156.0,21.0,24.0,59.0,18.0,22.0,10.0,32.0,84.0,24.0,20.0,43.0,12.0,49.0,31.0,128.0,164.0,61.0,54.0,56.0,42.0,65.0,17.0,48.0,21.0,37.0,31.0,84.0,64.0,52.0,26.0,274.0,20.0,76.0,114.0,111.0,60.0,37.0,27.0,93.0,18.0,33.0,23.0,138.0,48.0,42.0,15.0,84.0,23.0,24.0,13.0,180.0,29.0,37.0,34.0,160.0,32.0,56.0,157.0,355.0,149.0,33.0,33.0,237.0,385.0,46.0,39.0,126.0,106.0,27.0,95.0,122.0,58.0,15.0,16.0,171.0,49.0,54.0,183.0,239.0,20.0,42.0,38.0,79.0,17.0,20.0,84.0,98.0,14.0,61.0,713.0,125152.0,1.20361328125,3.0
78641.0,53621.0,48346.0,48893.0,10841.0,7297.0,7662.0,8547.0,7316.0,366.0,269.0,6997.0,11777.0,327.0,172.0,7092.0,44682.0,36840.0,37031.0,41446.0,6423.0,321.0,472.0,107.0,7083.0,188.0,120.0,181.0,216.0,183.0,170.0,413381.0,63345.0,55372.0,55274.0,55376.0,7971.0,255.0,338.0,212.0,399.0,144.0,138.0,299.0,147.0,233.0,217.0,136749.0,55334.0,55256.0,55220.0,63420.0,292.0,355.0,248.0,245.0,310.0,10495.0,387.0,6054.0,226.0,382.0,229.0,367.0,7958.0,584.0,357.0,7423.0,8737.0,8513.0,6934.0,420.0,7043.0,441.0,392.0,345.0,554.0,8396.0,405.0,422.0,9371.0,408.0,244.0,10987.0,376.0,9069.0,8617.0,6762.0,661.0,9237.0,677.0,638.0,688.0,7184.0,8586.0,881.0,492.0,656.0,427.0,511.0,603.0,900.0,1402.0,511.0,12589.0,877.0,8490.0,305.0,554.0,136728.0,567.0,812.0,673.0,502.0,878.0,605.0,7869.0,8930.0,872.0,568.0,757.0,547.0,558.0,538.0,798.0,6685.0,511.0,481.0,8450.0,585.0,454.0,7675.0,10621.0,7129.0,627.0,480.0,11120.0,7571.0,589.0,8895.0,578.0,8963.0,689.0,693.0,669.0,469.0,662.0,136362.0,879.0,559.0,646.0,556.0,545.0,475.0,493.0,441.0,628.0,435.0,136581.0,566.0,668.0,696.0,521.0,822.0,904.0,779.0,474.0,440.0,544.0,563.0,421.0,522.0,548.0,533.0,637.0,673.0,759.0,478.0,719.0,536.0,524.0,373.0,8225.0,519.0,612.0,452.0,310.0,326.0,404.0,389.0,295.0,556.0,7073.0,6944.0,466.0,8032.0,8597.0,136630.0,8779.0,11376.0,599.0,556.0,363.0,532.0,1198.0,306.0,380.0,356.0,367.0,348.0,370.0,451.0,323.0,266.0,564.0,550.0,587.0,285.0,389.0,393.0,229.0,297.0,150.0,280.0,323.0,177.0,127.0,173.0,530.0,238.0,304.0,117.0,9475.0,16600.0,210.0,6573.0,6832.0,130.0,545.0,219.0,7202.0,158.0,128.0,226.0,223.0,144.0,285.0,291.0,6633.0,251.0,125.0,257.0,7076.0,772.0,8713.0,45641.0,7964.0,8.82177734375,1.0
187148.0,12504.0,6500.0,5407.0,13000.0,5164.0,5190.0,4140.0,16886.0,2806.0,2832.0,2397.0,10721.0,2327.0,2191.0,4867.0,9341.0,2413.0,2084.0,1553.0,5937.0,6455.0,2422.0,1846.0,5148.0,2050.0,1163.0,1423.0,4108.0,1691.0,1221.0,1399.0,6631.0,1427.0,2081.0,1248.0,16136.0,1744.0,1182.0,1135.0,3000.0,1292.0,1097.0,2028.0,2834.0,1285.0,8741.0,4390.0,6639.0,8221.0,3789.0,11966.0,5317.0,3892.0,4096.0,4253.0,5154.0,6198.0,6865.0,8954.0,8245.0,4028.0,3426.0,3971.0,5918.0,2762.0,2025.0,3119.0,7412.0,11665.0,4918.0,2278.0,3316.0,1881.0,1811.0,1285.0,4547.0,7358.0,3366.0,2265.0,13737.0,5378.0,2727.0,5398.0,3546.0,4266.0,7920.0,6705.0,2310.0,3081.0,1154.0,2532.0,2813.0,3496.0,5082.0,3821.0,3109.0,3264.0,2270.0,2674.0,4011.0,7341.0,3519.0,1777.0,5948.0,3152.0,8224.0,1374.0,4043.0,2314.0,3513.0,3676.0,3427.0,1410.0,4036.0,3276.0,17518.0,14838.0,3443.0,2340.0,36067.0,1756.0,1228.0,1297.0,3348.0,3805.0,2660.0,1654.0,4366.0,2320.0,1052.0,12463.0,3168.0,8161.0,1811.0,1582.0,2138.0,12182.0,1239.0,42395.0,2102.0,13594.0,1478.0,1208.0,2899.0,1135.0,1068.0,1690.0,2190.0,1398.0,1081.0,1195.0,1865.0,1112.0,1118.0,1057.0,2023.0,1094.0,1192.0,1063.0,1790.0,1701.0,986.0,1382.0,1757.0,2858.0,1022.0,949.0,2261.0,1743.0,1194.0,989.0,1961.0,1429.0,1109.0,1154.0,1965.0,1028.0,1014.0,1090.0,1901.0,1143.0,2067.0,1942.0,4866.0,1281.0,1060.0,1120.0,1918.0,1167.0,1614.0,1671.0,10190.0,2608.0,6001.0,4955.0,2847.0,1812.0,4135.0,4500.0,3772.0,3125.0,1108.0,2247.0,2741.0,1263.0,3988.0,2350.0,2220.0,1316.0,1423.0,1334.0,1984.0,1152.0,1725.0,1564.0,2876.0,1536.0,1148.0,2080.0,2469.0,1156.0,1169.0,1193.0,2936.0,1317.0,1133.0,1157.0,3867.0,1713.0,1343.0,1064.0,22812.0,4661.0,1147.0,5185.0,6944.0,1151.0,1052.0,1073.0,6644.0,3529.0,1178.0,1327.0,2623.0,1775.0,4109.0,2906.0,5249.0,2535.0,2179.0,2641.0,8174.0,2773.0,3667.0,66879.0,15176.0,4.31884765625,3.0
5562.0,63.0,34.0,28.0,32.0,27.0,5.0,6.0,18.0,4.0,3.0,4.0,16.0,12.0,10.0,6.0,24.0,10.0,5.0,8.0,4.0,11.0,15.0,6.0,12.0,55.0,8.0,4.0,12.0,7.0,7.0,4.0,64.0,9.0,17.0,19.0,21.0,5.0,1.0,3.0,6.0,7.0,8.0,10.0,7.0,9.0,18.0,12.0,14.0,98.0,7.0,15.0,9.0,131.0,11.0,9.0,8.0,3.0,4.0,7.0,10.0,44.0,17.0,2.0,56.0,18.0,8.0,35.0,18.0,15.0,10.0,30.0,7.0,11.0,3.0,4.0,16.0,11.0,13.0,9.0,33.0,40.0,56.0,99.0,19.0,45.0,50.0,40.0,4.0,2.0,4.0,5.0,13.0,43.0,45.0,5.0,4.0,39.0,11.0,19.0,34.0,93.0,19.0,28.0,15.0,41.0,21.0,5.0,43.0,12.0,104.0,35.0,9.0,8.0,101.0,40.0,63.0,30.0,13.0,12.0,21.0,21.0,7.0,46.0,5.0,18.0,50.0,12.0,97.0,10.0,24.0,8.0,12.0,13.0,57.0,20.0,24.0,12.0,9.0,65.0,12.0,15.0,12.0,9.0,3.0,45.0,7.0,13.0,17.0,73.0,7.0,113.0,1.0,11.0,30.0,7.0,7.0,11.0,39.0,2.0,12.0,5.0,9.0,11.0,19.0,3.0,7.0,6.0,12.0,4.0,3.0,4.0,11.0,12.0,14.0,7.0,48.0,8.0,4.0,9.0,76.0,5.0,74.0,6.0,7.0,34.0,9.0,11.0,9.0,17.0,7.0,7.0,115.0,5.0,47.0,50.0,4.0,9.0,7.0,8.0,12.0,1.0,23.0,5.0,4.0,74.0,7.0,9.0,24.0,7.0,13.0,78.0,7.0,113.0,8.0,9.0,5.0,6.0,4.0,1.0,8.0,4.0,5.0,5.0,11.0,11.0,4.0,3.0,7.0,2.0,12.0,3.0,128.0,11.0,8.0,72.0,3.0,13.0,3.0,3.0,15.0,69.0,5.0,74.0,8.0,5.0,23.0,4.0,4.0,6.0,3.0,6.0,9.0,10.0,26.0,218.0,1451188.0,5.05517578125,7.0
22022.0,1523.0,763.0,948.0,1303.0,578.0,414.0,648.0,3716.0,662.0,371.0,404.0,1125.0,345.0,271.0,1393.0,1115.0,299.0,208.0,181.0,721.0,606.0,595.0,135.0,477.0,210.0,162.0,218.0,341.0,207.0,145.0,216.0,1023.0,108.0,111.0,201.0,415.0,208.0,128.0,132.0,170.0,100.0,107.0,314.0,151.0,157.0,175.0,107.0,372.0,175.0,143.0,893.0,215.0,200.0,122.0,102.0,295.0,348.0,125.0,632.0,227.0,222.0,111.0,143.0,1245.0,539.0,198.0,289.0,2259.0,3677.0,389.0,267.0,408.0,306.0,149.0,140.0,244.0,1627.0,199.0,190.0,1061.0,281.0,224.0,557.0,308.0,701.0,589.0,474.0,426.0,923.0,173.0,212.0,230.0,446.0,320.0,330.0,275.0,618.0,189.0,427.0,550.0,1238.0,785.0,207.0,650.0,595.0,1077.0,195.0,713.0,259.0,607.0,697.0,483.0,117.0,780.0,546.0,1779.0,2083.0,319.0,246.0,304.0,299.0,162.0,79.0,248.0,633.0,193.0,218.0,649.0,576.0,115.0,2286.0,439.0,1552.0,99.0,80.0,450.0,2503.0,302.0,47694.0,136.0,1186.0,127.0,110.0,180.0,196.0,65.0,120.0,190.0,143.0,77.0,62.0,179.0,97.0,69.0,86.0,930.0,858.0,80.0,108.0,245.0,195.0,64.0,147.0,181.0,224.0,73.0,72.0,236.0,88.0,52.0,90.0,171.0,99.0,88.0,89.0,185.0,81.0,77.0,77.0,240.0,290.0,270.0,379.0,430.0,94.0,86.0,106.0,350.0,180.0,180.0,124.0,1075.0,2949.0,1040.0,1444.0,508.0,131.0,390.0,1367.0,381.0,362.0,985.0,3312.0,432.0,93.0,3284.0,2480.0,1077.0,2560.0,192.0,1045.0,256.0,66.0,153.0,2475.0,1879.0,928.0,1667.0,225.0,285.0,115.0,2468.0,76.0,2122.0,965.0,1687.0,1646.0,459.0,187.0,2489.0,1652.0,3461.0,3670.0,2447.0,1567.0,717.0,63.0,134.0,4832.0,1375.0,959.0,913.0,1749.0,497.0,116.0,279.0,23085.0,2653.0,1796.0,1746.0,3319.0,8976.0,18656.0,3047.0,8771.0,19444.0,1.09033203125,4.0
4380.0,67.0,36.0,32.0,43.0,25.0,20.0,5.0,25.0,9.0,29.0,1.0,20.0,4.0,5.0,10.0,24.0,5.0,15.0,5.0,4.0,3.0,10.0,4.0,9.0,6.0,17.0,12.0,4.0,1.0,17.0,7.0,63.0,19.0,71.0,30.0,22.0,10.0,23.0,16.0,13.0,34.0,26.0,53.0,9.0,5.0,21.0,17.0,14.0,29.0,13.0,9.0,7.0,50.0,17.0,11.0,7.0,16.0,11.0,10.0,31.0,9.0,9.0,4.0,58.0,20.0,28.0,20.0,10.0,18.0,21.0,26.0,12.0,14.0,24.0,9.0,13.0,10.0,9.0,13.0,133.0,45.0,71.0,48.0,19.0,60.0,36.0,61.0,121.0,8.0,44.0,5.0,6.0,54.0,8.0,6.0,2.0,43.0,13.0,65.0,41.0,101.0,15.0,65.0,31.0,35.0,40.0,84.0,41.0,14.0,35.0,36.0,8.0,8.0,38.0,52.0,70.0,39.0,25.0,14.0,16.0,63.0,21.0,35.0,23.0,13.0,15.0,11.0,13.0,18.0,9.0,17.0,206.0,16.0,6.0,6.0,7.0,10.0,8.0,46.0,14.0,12.0,6.0,41.0,14.0,7.0,4.0,3.0,98.0,11.0,7.0,6.0,1.0,9.0,4.0,20.0,13.0,7.0,4.0,4.0,4.0,13.0,17.0,6.0,8.0,34.0,2.0,6.0,6.0,15.0,8.0,5.0,10.0,12.0,3.0,4.0,7.0,5.0,6.0,8.0,7.0,9.0,5.0,3.0,8.0,15.0,4.0,7.0,9.0,34.0,7.0,7.0,8.0,2.0,48.0,52.0,4.0,4.0,47.0,3.0,7.0,1.0,3.0,0.0,5.0,4.0,103.0,5.0,28.0,2.0,8.0,4.0,10.0,2.0,97.0,1.0,3.0,6.0,10.0,12.0,13.0,6.0,118.0,14.0,3.0,9.0,10.0,10.0,8.0,2.0,5.0,112.0,124.0,9.0,10.0,4.0,2.0,5.0,9.0,73.0,9.0,4.0,31.0,38.0,32.0,29.0,10.0,77.0,16.0,13.0,13.0,13.0,11.0,9.0,22.0,1116.0,1451188.0,5.05517578125,4.0
65695.0,3973.0,2007.0,2017.0,3971.0,1138.0,1605.0,1285.0,6854.0,818.0,862.0,931.0,3361.0,648.0,934.0,2126.0,2901.0,1070.0,545.0,640.0,1584.0,1421.0,643.0,514.0,1521.0,515.0,500.0,566.0,1204.0,452.0,469.0,496.0,2113.0,421.0,394.0,397.0,1165.0,718.0,485.0,415.0,790.0,457.0,333.0,908.0,613.0,390.0,596.0,524.0,1247.0,938.0,963.0,2483.0,1302.0,912.0,909.0,935.0,1332.0,1219.0,1054.0,2662.0,1356.0,967.0,971.0,1090.0,2529.0,1429.0,915.0,859.0,1241.0,4358.0,1861.0,911.0,1418.0,737.0,516.0,455.0,787.0,3080.0,897.0,635.0,4693.0,2709.0,1844.0,1433.0,901.0,2977.0,2751.0,1875.0,927.0,530.0,552.0,1006.0,604.0,2698.0,2084.0,2277.0,883.0,9363.0,1131.0,1049.0,1613.0,2864.0,952.0,738.0,2022.0,1851.0,1299.0,508.0,1702.0,1093.0,1539.0,1877.0,1560.0,558.0,1936.0,1499.0,5053.0,3541.0,904.0,1162.0,1363.0,673.0,446.0,420.0,1005.0,1463.0,982.0,718.0,2161.0,656.0,381.0,3940.0,1040.0,3199.0,662.0,392.0,990.0,4656.0,730.0,18701.0,681.0,4313.0,507.0,395.0,748.0,346.0,336.0,339.0,637.0,480.0,389.0,332.0,510.0,438.0,336.0,374.0,563.0,405.0,381.0,357.0,631.0,492.0,347.0,383.0,697.0,416.0,338.0,430.0,622.0,372.0,399.0,340.0,617.0,368.0,330.0,445.0,628.0,355.0,329.0,336.0,508.0,399.0,673.0,503.0,1135.0,437.0,426.0,471.0,551.0,443.0,759.0,796.0,3575.0,1102.0,1927.0,1713.0,1738.0,367.0,1224.0,2468.0,830.0,896.0,473.0,527.0,10850.0,430.0,1282.0,845.0,2019.0,5898.0,3290.0,506.0,633.0,446.0,455.0,456.0,1049.0,946.0,440.0,764.0,770.0,429.0,463.0,356.0,1018.0,349.0,463.0,407.0,942.0,1106.0,351.0,374.0,3994.0,775.0,572.0,1115.0,2547.0,408.0,463.0,526.0,1844.0,808.0,439.0,469.0,1318.0,395.0,876.0,719.0,2171.0,639.0,521.0,926.0,2597.0,724.0,1085.0,16072.0,12872.0,1.47265625,6.0
27943.0,499.0,257.0,235.0,378.0,179.0,129.0,243.0,271.0,159.0,128.0,113.0,115.0,121.0,118.0,165.0,134.0,103.0,84.0,84.0,84.0,120.0,96.0,56.0,64.0,63.0,83.0,233.0,70.0,76.0,66.0,74.0,140.0,94.0,73.0,64.0,76.0,86.0,133.0,120.0,98.0,64.0,68.0,93.0,73.0,44.0,215.0,73.0,177.0,104.0,194.0,94.0,110.0,106.0,77.0,95.0,119.0,85.0,64.0,66.0,55.0,59.0,75.0,105.0,161.0,134.0,160.0,187.0,335.0,290.0,110.0,98.0,87.0,94.0,67.0,69.0,117.0,157.0,91.0,92.0,114.0,91.0,125.0,131.0,99.0,243.0,78.0,186.0,157.0,55.0,72.0,83.0,52.0,72.0,60.0,66.0,76.0,908.0,803.0,817.0,880.0,342.0,137.0,110.0,609.0,190.0,51.0,74.0,202.0,144.0,221.0,230.0,254.0,57.0,265.0,157.0,239.0,168.0,70.0,2561.0,170.0,142.0,58.0,48.0,41.0,136.0,87.0,211.0,489.0,201.0,62.0,157.0,51.0,77.0,54.0,77.0,963.0,120.0,82.0,225.0,83.0,59.0,42.0,83.0,70.0,101.0,39.0,42.0,46.0,37.0,77.0,90.0,59.0,223.0,38.0,68.0,66.0,56.0,80.0,113.0,87.0,88.0,81.0,54.0,79.0,64.0,58.0,81.0,74.0,43.0,98.0,79.0,59.0,41.0,52.0,36.0,103.0,82.0,55.0,53.0,73.0,58.0,101.0,45.0,47.0,58.0,61.0,81.0,80.0,78.0,72.0,76.0,173.0,70.0,41.0,73.0,81.0,95.0,84.0,145.0,91.0,45.0,56.0,67.0,71.0,81.0,70.0,76.0,121.0,47.0,38.0,56.0,87.0,56.0,41.0,34.0,66.0,74.0,79.0,73.0,79.0,50.0,72.0,42.0,119.0,37.0,63.0,76.0,121.0,88.0,68.0,79.0,121.0,222.0,70.0,76.0,684.0,46.0,38.0,63.0,111.0,67.0,71.0,72.0,93.0,65.0,62.0,91.0,134.0,103.0,106.0,60.0,288.0,54.0,81.0,2945.0,229944.0,1.01953125,8.0
11580.0,5521.0,3282.0,3331.0,3209.0,3244.0,3155.0,3253.0,3187.0,3261.0,3349.0,3247.0,3234.0,3244.0,3160.0,3213.0,3271.0,3248.0,3296.0,3281.0,3189.0,3255.0,3203.0,3233.0,3299.0,3229.0,3184.0,3232.0,3276.0,3225.0,3210.0,3268.0,3194.0,3217.0,3190.0,3392.0,3239.0,3129.0,3251.0,3190.0,3170.0,3146.0,3124.0,3188.0,3202.0,3194.0,3244.0,3213.0,3157.0,3240.0,3103.0,3260.0,3181.0,3217.0,3177.0,3253.0,3225.0,3287.0,3181.0,3206.0,3199.0,3233.0,3267.0,3199.0,3203.0,3232.0,3259.0,3255.0,3190.0,3326.0,3222.0,3269.0,3261.0,3308.0,3286.0,3165.0,3282.0,3294.0,3303.0,3331.0,3294.0,3391.0,3308.0,3337.0,3263.0,3352.0,3198.0,3258.0,3296.0,3255.0,3225.0,3247.0,3182.0,3233.0,3183.0,3245.0,3353.0,3171.0,3221.0,3306.0,3297.0,3303.0,3218.0,3239.0,3185.0,3292.0,3277.0,3161.0,3338.0,3284.0,3340.0,3272.0,3347.0,3252.0,3312.0,3375.0,3323.0,3298.0,3304.0,3261.0,3275.0,3252.0,3241.0,3202.0,3191.0,3304.0,3181.0,3270.0,3271.0,3243.0,3203.0,3430.0,3201.0,3222.0,3248.0,3404.0,3180.0,3259.0,3348.0,3441.0,3406.0,3235.0,3346.0,3203.0,3297.0,3259.0,3260.0,3328.0,3260.0,3335.0,3327.0,3308.0,3269.0,3226.0,3332.0,3270.0,3204.0,3272.0,3246.0,3247.0,3168.0,3260.0,3228.0,3198.0,3254.0,3512.0,3349.0,3232.0,3249.0,3129.0,3395.0,3263.0,3423.0,3316.0,3273.0,3198.0,3321.0,3284.0,3329.0,3339.0,3228.0,3338.0,3317.0,3338.0,3297.0,3183.0,3336.0,3227.0,3333.0,3280.0,3226.0,3372.0,3212.0,3287.0,3118.0,3203.0,3243.0,3228.0,3311.0,3219.0,3161.0,3271.0,3288.0,3172.0,3185.0,3116.0,3207.0,3233.0,3287.0,3351.0,3287.0,3211.0,3163.0,3094.0,3177.0,3169.0,3285.0,3224.0,3143.0,3173.0,3188.0,3146.0,3204.0,3168.0,3177.0,3285.0,3192.0,3221.0,3177.0,3210.0,3184.0,3191.0,3188.0,3129.0,3251.0,3211.0,3230.0,3191.0,3169.0,3139.0,5712.0,5477.0,5419.0,3210.0,3284.0,3202.0,3169.0,3325.0,3178.0,3235.0,3187.0,3217.0,3208.0,3209.0,3192.0,6821.0,1490588.0,8.099609375,7.0
3947.0,392.0,388.0,439.0,507.0,377.0,364.0,400.0,419.0,357.0,341.0,367.0,394.0,374.0,399.0,435.0,397.0,329.0,321.0,320.0,359.0,336.0,314.0,315.0,359.0,333.0,336.0,321.0,346.0,342.0,339.0,334.0,345.0,331.0,328.0,319.0,383.0,313.0,321.0,321.0,344.0,370.0,349.0,489.0,344.0,376.0,373.0,395.0,377.0,354.0,354.0,374.0,346.0,321.0,346.0,344.0,292.0,333.0,352.0,340.0,361.0,329.0,330.0,308.0,379.0,318.0,365.0,309.0,344.0,331.0,303.0,352.0,337.0,356.0,327.0,328.0,338.0,339.0,344.0,325.0,388.0,419.0,418.0,434.0,350.0,334.0,423.0,396.0,416.0,451.0,420.0,421.0,334.0,328.0,402.0,433.0,343.0,310.0,315.0,327.0,325.0,366.0,359.0,341.0,503.0,338.0,332.0,321.0,366.0,320.0,333.0,345.0,329.0,349.0,338.0,344.0,358.0,334.0,333.0,309.0,339.0,342.0,350.0,341.0,348.0,330.0,339.0,319.0,398.0,481.0,335.0,377.0,355.0,354.0,319.0,359.0,334.0,352.0,356.0,512.0,304.0,318.0,370.0,332.0,318.0,340.0,339.0,301.0,333.0,329.0,357.0,316.0,339.0,312.0,303.0,315.0,320.0,335.0,347.0,340.0,354.0,322.0,328.0,342.0,350.0,342.0,330.0,320.0,335.0,353.0,312.0,339.0,333.0,294.0,315.0,318.0,328.0,317.0,345.0,330.0,319.0,334.0,299.0,356.0,348.0,346.0,336.0,344.0,343.0,318.0,327.0,344.0,365.0,388.0,360.0,362.0,398.0,335.0,353.0,363.0,353.0,354.0,321.0,354.0,356.0,334.0,378.0,328.0,361.0,338.0,331.0,336.0,361.0,346.0,345.0,357.0,353.0,360.0,339.0,363.0,310.0,319.0,333.0,357.0,364.0,328.0,346.0,337.0,331.0,350.0,326.0,337.0,364.0,727.0,335.0,1371.0,357.0,343.0,313.0,350.0,335.0,301.0,358.0,374.0,330.0,347.0,348.0,399.0,366.0,338.0,343.0,337.0,441.0,330.0,324.0,443.0,77336.0,0.5947265625,8.0
10496.0,5506.0,3176.0,3323.0,3268.0,3360.0,3280.0,3260.0,3259.0,3261.0,3220.0,3297.0,3152.0,3209.0,3104.0,3232.0,3326.0,3172.0,3164.0,3211.0,3280.0,3312.0,3219.0,3198.0,3207.0,3188.0,3224.0,3262.0,3221.0,3350.0,3188.0,3120.0,3231.0,3194.0,3266.0,3420.0,3173.0,3269.0,3180.0,3351.0,3306.0,3284.0,3243.0,3269.0,3239.0,3341.0,3142.0,3182.0,3297.0,3268.0,3220.0,3307.0,3160.0,3239.0,3158.0,3110.0,3242.0,3319.0,3293.0,3176.0,3201.0,3353.0,3205.0,3153.0,3186.0,3281.0,3222.0,3284.0,3264.0,3236.0,3294.0,3294.0,3227.0,3261.0,3188.0,3141.0,3229.0,3325.0,3265.0,3227.0,3226.0,3333.0,3409.0,3228.0,3342.0,3177.0,3253.0,3208.0,3237.0,3311.0,3313.0,3201.0,3245.0,3314.0,3224.0,3161.0,3270.0,3394.0,3160.0,3432.0,3202.0,3347.0,3126.0,3138.0,3343.0,3262.0,3299.0,3279.0,3308.0,3384.0,3230.0,3253.0,3326.0,3199.0,3301.0,3310.0,3277.0,3226.0,3187.0,3369.0,3197.0,3366.0,3292.0,3328.0,3363.0,3218.0,3211.0,3267.0,3267.0,3344.0,3243.0,3301.0,3237.0,3300.0,3335.0,3295.0,3344.0,3265.0,3282.0,3417.0,3349.0,3338.0,3226.0,3270.0,3345.0,3294.0,3274.0,3335.0,3326.0,3266.0,3380.0,3291.0,3129.0,3300.0,3333.0,3284.0,3312.0,3179.0,3219.0,3075.0,3278.0,3309.0,3217.0,3178.0,3250.0,3355.0,3266.0,3316.0,3280.0,3243.0,3384.0,3141.0,3244.0,3285.0,3271.0,3233.0,3291.0,3224.0,3362.0,3239.0,3280.0,3136.0,3220.0,3254.0,3308.0,3212.0,3154.0,3273.0,3276.0,3097.0,3297.0,3239.0,3309.0,3268.0,3120.0,3285.0,3367.0,3197.0,3187.0,3175.0,3277.0,3184.0,3244.0,3231.0,3225.0,3235.0,3203.0,3182.0,3212.0,3189.0,3121.0,3129.0,3162.0,3202.0,3143.0,3224.0,3222.0,3162.0,3414.0,3284.0,3334.0,3199.0,3253.0,3220.0,3180.0,3293.0,3250.0,3225.0,3197.0,3186.0,3175.0,3191.0,3354.0,3230.0,3223.0,3256.0,3319.0,3019.0,3178.0,3189.0,5634.0,5587.0,5326.0,3222.0,3206.0,3177.0,3189.0,3164.0,3146.0,3188.0,3218.0,3158.0,3181.0,3247.0,3172.0,6788.0,1491612.0,8.099609375,6.0
48180.0,20720.0,267602.0,13319.0,18019.0,12308.0,13517.0,15193.0,12096.0,509.0,630.0,12308.0,19964.0,331.0,523.0,11630.0,13483.0,340.0,659.0,307.0,10956.0,298.0,788.0,301.0,11789.0,491.0,462.0,436.0,609.0,450.0,635.0,453.0,13531.0,259.0,300.0,498.0,13507.0,245.0,320.0,229.0,543.0,263.0,454.0,404.0,259.0,556.0,340.0,138186.0,387.0,112.0,338.0,13646.0,313.0,468.0,596.0,297.0,165.0,18051.0,196.0,10251.0,227.0,578.0,398.0,394.0,12096.0,358.0,567.0,12217.0,14578.0,14278.0,10655.0,307.0,11274.0,506.0,208.0,192.0,333.0,13935.0,623.0,542.0,15958.0,480.0,395.0,18627.0,542.0,15715.0,14440.0,11530.0,372.0,14899.0,755.0,655.0,599.0,11503.0,14795.0,851.0,496.0,720.0,511.0,562.0,1129.0,1293.0,514.0,1132.0,21224.0,973.0,13838.0,543.0,929.0,137749.0,718.0,1081.0,366.0,432.0,775.0,598.0,12574.0,14125.0,462.0,547.0,546.0,685.0,558.0,454.0,1144.0,11447.0,819.0,627.0,14460.0,988.0,589.0,12388.0,18214.0,11428.0,582.0,464.0,18427.0,11914.0,621.0,13269.0,915.0,14609.0,479.0,478.0,682.0,722.0,655.0,137853.0,841.0,1168.0,338.0,386.0,809.0,387.0,587.0,928.0,686.0,395.0,138303.0,767.0,569.0,744.0,857.0,597.0,559.0,669.0,320.0,625.0,491.0,627.0,425.0,796.0,866.0,568.0,575.0,910.0,1086.0,884.0,769.0,876.0,687.0,836.0,14297.0,682.0,865.0,777.0,666.0,804.0,689.0,951.0,316.0,1408.0,11719.0,12069.0,770.0,13242.0,14782.0,138574.0,15003.0,19098.0,928.0,1360.0,641.0,559.0,795.0,495.0,228.0,359.0,450.0,353.0,545.0,292.0,306.0,279.0,403.0,410.0,661.0,467.0,611.0,600.0,355.0,187.0,538.0,395.0,384.0,373.0,346.0,301.0,545.0,134.0,476.0,168.0,15415.0,28263.0,297.0,11495.0,11433.0,218.0,252.0,245.0,12067.0,353.0,100.0,245.0,406.0,155.0,327.0,220.0,11031.0,206.0,133.0,150.0,11621.0,238.0,14668.0,55217.0,4564.0,7.0234375,2.0
93391.0,9484.0,2508.0,2941.0,9254.0,9095.0,9505.0,2336.0,9053.0,2365.0,2535.0,2372.0,9377.0,2818.0,2675.0,3038.0,3068.0,2679.0,2631.0,2617.0,2641.0,2841.0,2597.0,2426.0,2687.0,2726.0,2347.0,2341.0,2839.0,2926.0,2596.0,2505.0,2480.0,2665.0,2466.0,2597.0,2669.0,2518.0,2399.0,2479.0,2707.0,2533.0,2370.0,2533.0,2675.0,2505.0,2700.0,2734.0,2340.0,2726.0,2864.0,2522.0,2454.0,2493.0,2420.0,2697.0,2491.0,2540.0,2636.0,2409.0,2543.0,2568.0,2677.0,3151.0,2522.0,2614.0,2494.0,2274.0,2393.0,2604.0,2427.0,2934.0,2548.0,9326.0,9677.0,2845.0,2583.0,2455.0,2489.0,2520.0,15845.0,2613.0,2653.0,2566.0,2914.0,2890.0,9087.0,2630.0,2651.0,9260.0,2662.0,2450.0,2596.0,3085.0,2468.0,2325.0,2450.0,2660.0,2641.0,2712.0,2851.0,2878.0,2497.0,2416.0,2856.0,2874.0,9209.0,2522.0,2788.0,2382.0,2344.0,2467.0,2670.0,2257.0,2667.0,2613.0,16010.0,9333.0,2791.0,2731.0,2532.0,2355.0,2665.0,2975.0,2385.0,2274.0,2398.0,2507.0,2333.0,2927.0,91109.0,8907.0,2437.0,16175.0,2897.0,2638.0,2646.0,2487.0,2566.0,22496.0,2378.0,9597.0,2758.0,2491.0,2396.0,87097.0,2390.0,2246.0,2895.0,2948.0,2536.0,2544.0,2657.0,2787.0,2367.0,2481.0,2584.0,2360.0,2577.0,2740.0,3057.0,97380.0,2308.0,2430.0,2717.0,2575.0,2503.0,2593.0,2716.0,90012.0,2566.0,2554.0,2537.0,2462.0,2462.0,2391.0,2486.0,2569.0,2522.0,2483.0,2480.0,2710.0,2983.0,3308.0,2563.0,2311.0,2916.0,2460.0,2468.0,2637.0,2303.0,2365.0,9268.0,2820.0,3332.0,2692.0,2462.0,2415.0,2469.0,2650.0,2597.0,2425.0,2874.0,2377.0,2726.0,2302.0,2417.0,2823.0,2716.0,2849.0,2660.0,2635.0,2543.0,2824.0,2431.0,2323.0,2606.0,2702.0,2508.0,2423.0,2590.0,2404.0,2523.0,2619.0,2798.0,2642.0,2521.0,2555.0,2742.0,2608.0,2270.0,2482.0,22436.0,2299.0,2428.0,2524.0,2844.0,2920.0,2526.0,2506.0,2631.0,2710.0,2753.0,2755.0,2300.0,2442.0,2434.0,2630.0,2386.0,2487.0,2408.0,2824.0,2660.0,2506.0,3140.0,50545.0,516.0,4.63037109375,2.0
39708.0,17867.0,11838.0,13924.0,10381.0,12908.0,16524.0,10735.0,14369.0,1222733.0,353.0,18655.0,26759.0,356.0,208.0,10167.0,16800.0,189.0,90889.0,215.0,10085.0,348.0,281.0,143.0,13118.0,262.0,193.0,269.0,300.0,235.0,181.0,288.0,11878.0,199.0,248.0,221.0,9812.0,220.0,175.0,216.0,648.0,190.0,164.0,401.0,226.0,229.0,272.0,267.0,397.0,217.0,246.0,13049.0,243.0,359.0,261.0,349.0,286.0,16076.0,309.0,13605.0,90897.0,332.0,521.0,326.0,11774.0,530.0,331.0,11723.0,11605.0,10728.0,16072.0,484.0,11977.0,455.0,384.0,389.0,603.0,11456.0,514.0,409.0,11071.0,521.0,414.0,10395.0,592.0,24101.0,12688.0,13546.0,480.0,10874.0,326.0,413.0,350.0,11532.0,14170.0,497.0,434.0,648.0,422.0,630.0,722.0,1277.0,707.0,472.0,13551.0,979.0,10824.0,682.0,1002.0,799.0,1021.0,91008.0,777.0,873.0,1275.0,91355.0,15008.0,12965.0,660.0,573.0,588.0,537.0,539.0,557.0,795.0,10845.0,961.0,713.0,11225.0,772.0,648.0,11178.0,10053.0,12397.0,524.0,637.0,12516.0,11718.0,713.0,16393.0,502.0,10713.0,733.0,91018.0,909.0,757.0,625.0,721.0,669.0,683.0,638.0,453.0,511.0,717.0,456.0,698.0,559.0,449.0,470.0,496.0,533.0,590.0,420.0,440.0,480.0,461.0,360.0,323.0,477.0,432.0,531.0,545.0,600.0,518.0,708.0,444.0,571.0,491.0,482.0,484.0,551.0,539.0,16778.0,534.0,486.0,445.0,494.0,424.0,482.0,558.0,602.0,559.0,17689.0,12341.0,598.0,11113.0,9448.0,488.0,11053.0,12061.0,636.0,529.0,466.0,380.0,958.0,396.0,389.0,416.0,438.0,377.0,426.0,396.0,357.0,302.0,354.0,252.0,458.0,295.0,297.0,333.0,416.0,217.0,266.0,270.0,569.0,380.0,335.0,308.0,453.0,292.0,223.0,253.0,13677.0,12751.0,197.0,9791.0,12443.0,211.0,301.0,234.0,12525.0,338.0,236.0,273.0,367.0,218.0,368.0,341.0,10996.0,215.0,270.0,240.0,17461.0,335.0,11951.0,45481.0,8528.0,9.232421875,1.0
4322.0,67.0,41.0,24.0,36.0,19.0,15.0,29.0,20.0,6.0,11.0,8.0,22.0,8.0,6.0,14.0,32.0,28.0,12.0,13.0,8.0,5.0,12.0,2.0,6.0,8.0,41.0,13.0,4.0,6.0,17.0,8.0,66.0,14.0,73.0,28.0,23.0,11.0,22.0,15.0,20.0,15.0,21.0,56.0,10.0,6.0,20.0,15.0,12.0,17.0,18.0,11.0,7.0,50.0,12.0,10.0,6.0,6.0,11.0,6.0,3.0,3.0,8.0,12.0,60.0,23.0,15.0,23.0,8.0,21.0,25.0,25.0,14.0,17.0,15.0,9.0,14.0,9.0,15.0,13.0,47.0,40.0,45.0,54.0,17.0,54.0,41.0,71.0,9.0,10.0,17.0,8.0,6.0,48.0,16.0,41.0,4.0,44.0,11.0,22.0,33.0,106.0,15.0,64.0,28.0,35.0,34.0,17.0,44.0,13.0,29.0,38.0,11.0,10.0,35.0,29.0,67.0,39.0,26.0,13.0,58.0,55.0,9.0,6.0,25.0,8.0,7.0,19.0,11.0,16.0,13.0,15.0,7.0,13.0,3.0,31.0,5.0,11.0,5.0,49.0,11.0,14.0,9.0,24.0,97.0,2.0,11.0,5.0,8.0,18.0,8.0,20.0,12.0,21.0,10.0,31.0,9.0,15.0,12.0,14.0,16.0,29.0,41.0,21.0,25.0,68.0,13.0,14.0,8.0,21.0,13.0,8.0,10.0,5.0,11.0,6.0,7.0,7.0,6.0,5.0,7.0,5.0,8.0,3.0,8.0,13.0,7.0,10.0,13.0,9.0,12.0,10.0,20.0,6.0,50.0,53.0,8.0,8.0,7.0,13.0,12.0,3.0,10.0,4.0,8.0,7.0,8.0,8.0,32.0,16.0,21.0,13.0,20.0,4.0,10.0,3.0,6.0,6.0,18.0,14.0,26.0,10.0,12.0,22.0,14.0,10.0,12.0,12.0,14.0,8.0,10.0,67.0,181.0,122.0,49.0,41.0,28.0,27.0,23.0,31.0,49.0,63.0,23.0,21.0,22.0,24.0,25.0,32.0,32.0,97.0,123.0,60.0,96.0,21.0,79.0,987.0,1451188.0,5.05517578125,9.0
7660.0,4269.0,3029.0,3143.0,3282.0,3185.0,3153.0,3049.0,3085.0,3047.0,3166.0,3098.0,3063.0,3016.0,3027.0,3064.0,3058.0,3019.0,3086.0,3087.0,3065.0,3275.0,3117.0,3078.0,3138.0,3024.0,3108.0,3055.0,3023.0,3173.0,3111.0,3215.0,3037.0,3086.0,3129.0,3095.0,3109.0,3064.0,3096.0,3141.0,3138.0,2949.0,3033.0,3056.0,3128.0,3177.0,3138.0,3036.0,3145.0,2985.0,3045.0,3141.0,3032.0,3108.0,2911.0,3021.0,3114.0,3118.0,3128.0,3131.0,3000.0,3084.0,3228.0,3057.0,3206.0,3090.0,3060.0,3056.0,3079.0,3055.0,3169.0,3149.0,3126.0,3138.0,3075.0,3086.0,3072.0,3174.0,3039.0,3095.0,3210.0,3068.0,3181.0,3091.0,3074.0,3240.0,3182.0,3182.0,3110.0,3085.0,3119.0,3020.0,3057.0,3115.0,3147.0,3071.0,2914.0,3190.0,3109.0,3088.0,3144.0,3160.0,3153.0,3093.0,3193.0,3101.0,3039.0,3100.0,3139.0,3153.0,3090.0,3063.0,3114.0,3135.0,3126.0,3060.0,3164.0,3251.0,3006.0,3051.0,3113.0,3023.0,3035.0,3160.0,3089.0,3087.0,3043.0,3078.0,3100.0,3040.0,3190.0,3232.0,3049.0,3099.0,3142.0,3181.0,3170.0,3118.0,3202.0,3238.0,3040.0,3158.0,3143.0,2989.0,3091.0,3336.0,3190.0,3049.0,2994.0,3068.0,3111.0,3103.0,3117.0,3003.0,3087.0,3109.0,3103.0,3047.0,3134.0,3005.0,3061.0,3171.0,3115.0,3233.0,3093.0,3165.0,3010.0,3019.0,3158.0,3133.0,3110.0,3171.0,3107.0,3077.0,3154.0,2967.0,3169.0,3245.0,3058.0,3101.0,3110.0,3151.0,3099.0,3127.0,3098.0,3107.0,3109.0,3192.0,3213.0,3092.0,3155.0,3082.0,3125.0,3067.0,3018.0,3153.0,3199.0,3104.0,3086.0,3125.0,3116.0,3058.0,3151.0,3050.0,3079.0,3032.0,3044.0,3080.0,3122.0,3029.0,3108.0,3133.0,3143.0,3176.0,2977.0,3025.0,3096.0,2950.0,3092.0,3019.0,3124.0,3041.0,3219.0,3066.0,3166.0,3030.0,3034.0,3079.0,3076.0,3032.0,3224.0,3044.0,3152.0,3084.0,3232.0,3094.0,3241.0,3075.0,3115.0,3037.0,4236.0,4241.0,4180.0,3052.0,3013.0,3065.0,3069.0,3036.0,3102.0,3125.0,3076.0,3121.0,3100.0,3001.0,3175.0,5103.0,2320028.0,10.80419921875,6.0
3391.0,392.0,393.0,583.0,448.0,361.0,376.0,397.0,378.0,375.0,363.0,365.0,423.0,374.0,374.0,410.0,397.0,382.0,410.0,364.0,412.0,386.0,404.0,379.0,395.0,357.0,361.0,378.0,429.0,388.0,370.0,396.0,403.0,372.0,398.0,377.0,669.0,389.0,391.0,403.0,401.0,436.0,394.0,477.0,397.0,402.0,383.0,395.0,403.0,384.0,381.0,431.0,382.0,378.0,383.0,396.0,381.0,371.0,359.0,411.0,378.0,410.0,382.0,384.0,396.0,377.0,375.0,400.0,371.0,380.0,419.0,388.0,342.0,380.0,387.0,382.0,394.0,372.0,365.0,390.0,425.0,427.0,443.0,420.0,397.0,408.0,454.0,404.0,401.0,401.0,358.0,375.0,366.0,364.0,415.0,432.0,382.0,392.0,383.0,389.0,400.0,453.0,415.0,382.0,574.0,391.0,497.0,344.0,432.0,374.0,417.0,377.0,361.0,354.0,401.0,389.0,444.0,429.0,370.0,399.0,383.0,364.0,361.0,346.0,348.0,360.0,357.0,373.0,420.0,442.0,364.0,404.0,364.0,400.0,343.0,411.0,394.0,378.0,367.0,513.0,359.0,377.0,354.0,405.0,379.0,388.0,410.0,360.0,386.0,392.0,354.0,376.0,371.0,384.0,355.0,372.0,386.0,348.0,338.0,371.0,367.0,373.0,367.0,342.0,366.0,357.0,377.0,388.0,362.0,337.0,354.0,376.0,384.0,357.0,365.0,422.0,363.0,352.0,394.0,363.0,391.0,381.0,369.0,399.0,380.0,398.0,360.0,417.0,363.0,377.0,385.0,404.0,372.0,513.0,409.0,381.0,402.0,362.0,380.0,381.0,382.0,418.0,344.0,362.0,358.0,353.0,384.0,371.0,373.0,362.0,385.0,387.0,399.0,414.0,387.0,380.0,403.0,402.0,355.0,425.0,359.0,384.0,353.0,403.0,350.0,381.0,382.0,363.0,356.0,388.0,372.0,344.0,588.0,415.0,393.0,889.0,400.0,355.0,389.0,394.0,402.0,344.0,348.0,380.0,367.0,384.0,359.0,411.0,394.0,371.0,364.0,412.0,382.0,372.0,383.0,449.0,72888.0,0.60888671875,6.0
23622.0,1926.0,1316.0,1176.0,1597.0,769.0,639.0,644.0,2556.0,371.0,382.0,428.0,1568.0,514.0,269.0,2827.0,1383.0,299.0,327.0,322.0,878.0,639.0,265.0,165.0,580.0,199.0,136.0,238.0,365.0,189.0,149.0,280.0,971.0,165.0,134.0,259.0,625.0,347.0,146.0,156.0,226.0,97.0,95.0,656.0,185.0,224.0,147.0,109.0,443.0,180.0,146.0,1752.0,288.0,302.0,134.0,100.0,413.0,755.0,163.0,1138.0,392.0,323.0,139.0,185.0,1042.0,626.0,3050.0,530.0,581.0,2910.0,588.0,317.0,578.0,221.0,135.0,96.0,292.0,1339.0,261.0,176.0,2086.0,551.0,180.0,1137.0,332.0,1030.0,1234.0,801.0,329.0,1365.0,132.0,326.0,210.0,1015.0,557.0,467.0,297.0,636.0,138.0,417.0,572.0,1098.0,679.0,177.0,874.0,551.0,1533.0,137.0,544.0,215.0,550.0,539.0,698.0,208.0,765.0,606.0,3357.0,3520.0,393.0,232.0,262.0,248.0,72.0,64.0,371.0,845.0,284.0,307.0,1188.0,876.0,144.0,3414.0,820.0,2953.0,136.0,101.0,495.0,2713.0,423.0,6692.0,254.0,2573.0,105.0,129.0,197.0,47.0,39.0,72.0,240.0,173.0,55.0,75.0,242.0,143.0,52.0,67.0,207.0,116.0,65.0,364.0,189.0,351.0,59.0,219.0,194.0,197.0,75.0,60.0,254.0,85.0,79.0,148.0,176.0,69.0,88.0,58.0,209.0,54.0,54.0,79.0,188.0,248.0,801.0,212.0,283.0,120.0,94.0,80.0,176.0,240.0,280.0,155.0,2227.0,789.0,537.0,1478.0,908.0,151.0,674.0,890.0,583.0,589.0,293.0,171.0,469.0,133.0,277.0,168.0,477.0,248.0,391.0,332.0,226.0,81.0,213.0,152.0,442.0,180.0,154.0,302.0,294.0,112.0,135.0,82.0,701.0,142.0,210.0,149.0,523.0,199.0,216.0,151.0,3779.0,692.0,128.0,1505.0,1448.0,201.0,144.0,125.0,1162.0,200.0,491.0,393.0,539.0,121.0,1060.0,594.0,1166.0,384.0,242.0,313.0,1325.0,1196.0,1336.0,14935.0,15936.0,0.69384765625,8.0
11298.0,5459.0,3217.0,3412.0,3412.0,3264.0,3377.0,3253.0,3177.0,3191.0,3202.0,3253.0,3168.0,3169.0,3162.0,3228.0,3156.0,3166.0,3200.0,3155.0,3396.0,3252.0,3195.0,3197.0,3270.0,3212.0,3204.0,3239.0,3250.0,3223.0,3266.0,3275.0,3314.0,3130.0,3256.0,3415.0,3203.0,3130.0,3237.0,3133.0,3196.0,3259.0,3226.0,3205.0,3244.0,3272.0,3211.0,3329.0,3280.0,3124.0,3298.0,3279.0,3204.0,3354.0,3259.0,3220.0,3217.0,3173.0,3187.0,3255.0,3123.0,3304.0,3212.0,3249.0,3248.0,3394.0,3281.0,3198.0,3199.0,3285.0,3186.0,3175.0,3254.0,3316.0,3262.0,3169.0,3257.0,3170.0,3215.0,3223.0,3249.0,3250.0,3289.0,3243.0,3266.0,3243.0,3176.0,3235.0,3225.0,3206.0,3250.0,3151.0,3262.0,3221.0,3231.0,3358.0,3258.0,3322.0,3155.0,3220.0,3350.0,3398.0,3194.0,3309.0,3140.0,3280.0,3252.0,3182.0,3257.0,3361.0,3219.0,3305.0,3245.0,3165.0,3348.0,3235.0,3300.0,3199.0,3242.0,3197.0,3302.0,3227.0,3223.0,3152.0,3222.0,3266.0,3251.0,3223.0,3362.0,3296.0,3219.0,3283.0,3295.0,3283.0,3402.0,3381.0,3220.0,3237.0,3306.0,3375.0,3314.0,3295.0,3261.0,3235.0,3278.0,3210.0,3197.0,3245.0,3290.0,3282.0,3298.0,3191.0,3335.0,3301.0,3312.0,3329.0,3265.0,3218.0,3223.0,3222.0,3203.0,3185.0,3115.0,3290.0,3192.0,3396.0,3242.0,3286.0,3202.0,3281.0,3233.0,3242.0,3226.0,3281.0,3213.0,3304.0,3283.0,3371.0,3207.0,3342.0,3214.0,3235.0,3286.0,3330.0,3217.0,3263.0,3335.0,3186.0,3100.0,3228.0,3310.0,3207.0,3369.0,3175.0,3258.0,3347.0,3346.0,3174.0,3120.0,3166.0,3197.0,3397.0,3178.0,3212.0,3263.0,3221.0,3272.0,3132.0,3176.0,3172.0,3126.0,3232.0,3246.0,3128.0,3232.0,3095.0,3121.0,3292.0,3122.0,3144.0,3245.0,3337.0,3175.0,3219.0,3207.0,3265.0,3075.0,3102.0,3190.0,3198.0,3231.0,3203.0,3195.0,3190.0,3285.0,3231.0,3268.0,3294.0,3093.0,3322.0,10195.0,3086.0,3123.0,3223.0,3356.0,3140.0,3237.0,3152.0,3279.0,3173.0,3192.0,3101.0,3216.0,3205.0,3082.0,6719.0,1497244.0,8.11376953125,9.0
47572.0,14173.0,15839.0,14325.0,17553.0,13834.0,75390.0,21867.0,13128.0,306.0,311.0,16265.0,17292.0,281.0,196.0,12622.0,14869.0,247.0,467.0,185.0,12106.0,290.0,382.0,141.0,14239.0,200.0,133.0,248.0,308.0,170.0,137.0,379.0,15272.0,150.0,209.0,279.0,12969.0,176.0,124564.0,157.0,375.0,130.0,164.0,252.0,164.0,241.0,207.0,229.0,325.0,237.0,246.0,23209.0,339.0,321.0,172.0,175.0,343.0,21690.0,308.0,12862.0,259.0,225.0,286.0,485.0,13578.0,499.0,125783.0,15445.0,12630.0,13554.0,12919.0,435.0,21004.0,431.0,399.0,423.0,467.0,16601.0,512.0,506.0,13844.0,541.0,496.0,13071.0,559.0,16492.0,12800.0,13943.0,475.0,11269.0,363.0,467.0,854.0,20887.0,15422.0,561.0,419.0,625.0,353.0,436.0,523.0,870.0,697.0,468.0,12636.0,635.0,16438.0,376.0,627.0,670.0,779.0,771.0,636.0,596.0,671.0,815.0,13660.0,16412.0,763.0,624.0,632.0,844.0,598.0,600.0,698.0,15433.0,717.0,676.0,13624.0,783.0,766.0,15518.0,12698.0,13057.0,816.0,735.0,20610.0,15405.0,820.0,21906.0,607.0,17494.0,426.0,616.0,471.0,623.0,395.0,530.0,770.0,706.0,470.0,778.0,856.0,660.0,440.0,729.0,887.0,795.0,670.0,632.0,806.0,612.0,529.0,628.0,539.0,568.0,495.0,437.0,622.0,456.0,694.0,507.0,597.0,125365.0,503.0,469.0,656.0,448.0,492.0,125112.0,630.0,528.0,12893.0,691.0,628.0,446.0,616.0,598.0,647.0,566.0,486.0,446.0,20294.0,16661.0,582.0,32182.0,15725.0,534.0,16255.0,20604.0,573.0,603.0,679.0,552.0,845.0,496.0,578.0,469.0,571.0,544.0,436.0,403.0,444.0,439.0,515.0,391.0,391.0,305.0,229.0,430.0,395.0,466.0,304.0,300.0,721.0,354.0,124947.0,312.0,416.0,258.0,294.0,186.0,13173.0,12788.0,333.0,15829.0,15673.0,381.0,346.0,295.0,15394.0,348.0,325.0,321.0,642.0,344.0,810.0,774.0,14504.0,300.0,222.0,214.0,16526.0,295.0,13581.0,64441.0,4924.0,6.47119140625,7.0
25425.0,674.0,240.0,346.0,272.0,309.0,185.0,488.0,239.0,168.0,193.0,200.0,180.0,605.0,168.0,763.0,217.0,174.0,177.0,188.0,168.0,537.0,162.0,201.0,249.0,189.0,210.0,302.0,209.0,163.0,186.0,491.0,200.0,361.0,331.0,380.0,426.0,363.0,319.0,365.0,390.0,361.0,283.0,509.0,490.0,342.0,293.0,350.0,508.0,359.0,312.0,330.0,372.0,333.0,282.0,384.0,390.0,338.0,272.0,355.0,368.0,446.0,432.0,499.0,527.0,1630.0,357.0,363.0,403.0,903.0,395.0,384.0,421.0,1303.0,1628.0,419.0,309.0,758.0,320.0,356.0,419.0,456.0,427.0,361.0,314.0,707.0,316.0,345.0,288.0,355.0,396.0,351.0,278.0,373.0,302.0,351.0,347.0,1531.0,304.0,403.0,390.0,561.0,401.0,342.0,290.0,393.0,296.0,329.0,309.0,358.0,344.0,437.0,297.0,322.0,367.0,403.0,456.0,485.0,2465.0,326.0,291.0,421.0,269.0,292.0,287.0,375.0,258.0,182.0,231.0,344.0,208.0,529.0,175.0,161.0,201.0,187.0,197.0,875.0,286.0,1097.0,352.0,400.0,235.0,170.0,165.0,174.0,256.0,183.0,149.0,180.0,196.0,154.0,186.0,192.0,221.0,195.0,171.0,183.0,192.0,176.0,162.0,413.0,269.0,405.0,176.0,193.0,264.0,161.0,161.0,166.0,241.0,183.0,177.0,182.0,241.0,216.0,194.0,162.0,271.0,169.0,255.0,1021.0,253.0,207.0,167.0,184.0,245.0,183.0,166.0,181.0,260.0,241.0,257.0,841.0,233.0,452.0,195.0,161.0,201.0,415.0,166.0,333.0,237.0,331.0,234.0,175.0,229.0,317.0,227.0,202.0,244.0,297.0,232.0,162.0,297.0,178.0,185.0,181.0,195.0,180.0,202.0,179.0,184.0,204.0,219.0,167.0,224.0,166.0,213.0,204.0,194.0,185.0,435.0,251.0,209.0,204.0,244.0,245.0,202.0,251.0,312.0,227.0,201.0,203.0,304.0,273.0,421.0,519.0,925.0,626.0,696.0,684.0,1099.0,500.0,404.0,3318.0,6972.0,0.4248046875,8.0
